Filename,Station,TimeOffset,Duration,Positive,RSL
G:/CLBF/CLBF/2018/01/CLBF-001/CLBF-001-001/CLBF-001-001_20181006_131200.wav,CLBF-001-001,22:00.9,0.5,1,72.13937447
G:/CLBF/CLBF/2018/01/CLBF-001/CLBF-001-001/CLBF-001-001_20181010_101900.wav,CLBF-001-001,24:45.7,0.5,1,74.71431748
G:/CLBF/CLBF/2018/01/CLBF-001/CLBF-001-001/CLBF-001-001_20181010_101900.wav,CLBF-001-001,24:49.9,0.5,1,69.48493109
G:/CLBF/CLBF/2018/01/CLBF-001/CLBF-001-001/CLBF-001-001_20181010_164900.wav,CLBF-001-001,25:03.8,0.5,1,69.6386115
G:/CLBF/CLBF/2018/01/CLBF-001/CLBF-001-001/CLBF-001-001_20181010_174900.wav,CLBF-001-001,12:14.3,0.5,1,70.95425719
G:/CLBF/CLBF/2018/01/CLBF-001/CLBF-001-001/CLBF-001-001_20181010_174900.wav,CLBF-001-001,12:36.6,0.5,1,72.34999884
G:/CLBF/CLBF/2018/01/CLBF-001/CLBF-001-001/CLBF-001-001_20181010_174900.wav,CLBF-001-001,13:22.2,0.5,1,70.27837286
G:/CLBF/CLBF/2018/01/CLBF-001/CLBF-001-001/CLBF-001-001_20181027_142100.wav,CLBF-001-001,08:47.7,0.5,1,74.77508861
G:/CLBF/CLBF/2018/01/CLBF-001/CLBF-001-002/CLBF-001-002_20181029_182500.wav,CLBF-001-002,16:07.4,0.5,1,69.22377992
G:/CLBF/CLBF/2018/01/CLBF-001/CLBF-001-002/CLBF-001-002_20181112_165200.wav,CLBF-001-002,03:30.8,0.5,1,71.71192223
G:/CLBF/CLBF/2018/01/CLBF-001/CLBF-001-002/CLBF-001-002_20181116_082900.wav,CLBF-001-002,16:05.4,0.5,1,69.46852173
G:/CLBF/CLBF/2018/01/CLBF-001/CLBF-001-002/CLBF-001-002_20181116_085900.wav,CLBF-001-002,27:31.4,0.5,1,72.03361327
G:/CLBF/CLBF/2018/01/CLBF-001/CLBF-001-003/CLBF-001-003_20181010_101900.wav,CLBF-001-003,24:34.3,0.5,1,74.71317732
G:/CLBF/CLBF/2018/01/CLBF-001/CLBF-001-003/CLBF-001-003_20181010_101900.wav,CLBF-001-003,24:38.5,0.5,1,73.54544693
G:/CLBF/CLBF/2018/01/CLBF-001/CLBF-001-003/CLBF-001-003_20181010_104900.wav,CLBF-001-003,19:13.8,0.5,1,72.84615219
G:/CLBF/CLBF/2018/01/CLBF-001/CLBF-001-003/CLBF-001-003_20181010_174900.wav,CLBF-001-003,11:23.9,0.5,1,72.82760697
G:/CLBF/CLBF/2018/01/CLBF-001/CLBF-001-003/CLBF-001-003_20181010_184900.wav,CLBF-001-003,17:21.0,0.5,1,69.54886875
G:/CLBF/CLBF/2018/01/CLBF-001/CLBF-001-003/CLBF-001-003_20181010_184900.wav,CLBF-001-003,17:26.2,0.5,1,75.76912177
G:/CLBF/CLBF/2018/01/CLBF-001/CLBF-001-003/CLBF-001-003_20181028_115300.wav,CLBF-001-003,09:59.3,0.5,1,72.81271281
G:/CLBF/CLBF/2018/01/CLBF-001/CLBF-001-003/CLBF-001-003_20181028_115300.wav,CLBF-001-003,11:09.8,0.5,1,69.58359245
G:/CLBF/CLBF/2018/01/CLBF-001/CLBF-001-003/CLBF-001-003_20181028_115300.wav,CLBF-001-003,12:34.5,0.5,1,80.07931638
G:/CLBF/CLBF/2018/01/CLBF-001/CLBF-001-003/CLBF-001-003_20181028_115300.wav,CLBF-001-003,26:44.4,0.5,1,69.54286215
G:/CLBF/CLBF/2018/01/CLBF-001/CLBF-001-003/CLBF-001-003_20181028_115300.wav,CLBF-001-003,26:55.1,0.5,1,70.2123072
G:/CLBF/CLBF/2018/01/CLBF-001/CLBF-001-003/CLBF-001-003_20181028_115300.wav,CLBF-001-003,28:15.9,0.5,1,80.20833695
G:/CLBF/CLBF/2018/01/CLBF-001/CLBF-001-003/CLBF-001-003_20181028_122300.wav,CLBF-001-003,03:56.0,0.5,1,71.10410603
G:/CLBF/CLBF/2018/01/CLBF-001/CLBF-001-003/CLBF-001-003_20181028_122300.wav,CLBF-001-003,13:17.6,0.5,1,81.29742502
G:/CLBF/CLBF/2018/01/CLBF-001/CLBF-001-005/CLBF-001-005_20181006_184200.wav,CLBF-001-005,13:03.8,0.5,1,76.22551776
G:/CLBF/CLBF/2018/01/CLBF-001/CLBF-001-005/CLBF-001-005_20181006_184200.wav,CLBF-001-005,13:25.7,0.5,1,74.0090442
G:/CLBF/CLBF/2018/01/CLBF-001/CLBF-001-005/CLBF-001-005_20181029_142500.wav,CLBF-001-005,09:52.2,0.5,1,74.62486558
G:/CLBF/CLBF/2018/01/CLBF-001/CLBF-001-006/CLBF-001-006_20181010_174900.wav,CLBF-001-006,28:15.8,0.5,1,71.2921468
G:/CLBF/CLBF/2018/01/CLBF-001/CLBF-001-006/CLBF-001-006_20181010_174900.wav,CLBF-001-006,28:33.9,0.5,1,70.75406998
G:/CLBF/CLBF/2018/01/CLBF-001/CLBF-001-006/CLBF-001-006_20181010_184900.wav,CLBF-001-006,12:30.5,0.5,1,69.72779318
G:/CLBF/CLBF/2018/01/CLBF-001/CLBF-001-006/CLBF-001-006_20181112_175200.wav,CLBF-001-006,06:59.8,0.5,1,71.95687104
G:/CLBF/CLBF/2018/01/CLBF-001/CLBF-001-006/CLBF-001-006_20181122_124000.wav,CLBF-001-006,15:59.5,0.5,1,71.68497333
G:/CLBF/CLBF/2018/01/CLBF-001/CLBF-001-006/CLBF-001-006_20181130_115300.wav,CLBF-001-006,08:30.1,0.5,1,69.42212256
G:/CLBF/CLBF/2018/01/CLBF-001/CLBF-001-006/CLBF-001-006_20181130_115300.wav,CLBF-001-006,20:46.6,0.5,1,69.21573198
G:/CLBF/CLBF/2018/01/CLBF-001/CLBF-001-006/CLBF-001-006_20181130_115300.wav,CLBF-001-006,20:49.7,0.5,1,69.00211778
G:/CLBF/CLBF/2018/01/CLBF-001/CLBF-001-006/CLBF-001-006_20181130_115300.wav,CLBF-001-006,20:50.3,0.5,1,72.08374411
G:/CLBF/CLBF/2018/01/CLBF-001/CLBF-001-006/CLBF-001-006_20181130_115300.wav,CLBF-001-006,21:00.9,0.5,1,70.63978587
G:/CLBF/CLBF/2018/01/CLBF-001/CLBF-001-006/CLBF-001-006_20181130_115300.wav,CLBF-001-006,21:12.0,0.5,1,69.18045515
G:/CLBF/CLBF/2018/01/CLBF-001/CLBF-001-006/CLBF-001-006_20181130_115300.wav,CLBF-001-006,21:13.4,0.5,1,69.80322308
G:/CLBF/CLBF/2018/01/CLBF-001/CLBF-001-006/CLBF-001-006_20181130_115300.wav,CLBF-001-006,21:25.6,0.5,1,69.49431626
G:/CLBF/CLBF/2018/01/CLBF-001/CLBF-001-006/CLBF-001-006_20181130_115300.wav,CLBF-001-006,21:45.3,0.5,1,73.92528758
G:/CLBF/CLBF/2018/01/CLBF-001/CLBF-001-006/CLBF-001-006_20181130_115300.wav,CLBF-001-006,21:48.2,0.5,1,69.10921128
G:/CLBF/CLBF/2018/01/CLBF-001/CLBF-001-006/CLBF-001-006_20181130_115300.wav,CLBF-001-006,21:53.3,0.5,1,73.59944479
G:/CLBF/CLBF/2018/01/CLBF-001/CLBF-001-006/CLBF-001-006_20181130_115300.wav,CLBF-001-006,29:18.5,0.5,1,70.22581637
G:/CLBF/CLBF/2018/01/CLBF-001/CLBF-001-007/CLBF-001-007_20181016_123100.wav,CLBF-001-007,05:07.8,0.5,1,70.07597018
G:/CLBF/CLBF/2018/01/CLBF-001/CLBF-001-007/CLBF-001-007_20181028_122300.wav,CLBF-001-007,03:51.4,0.5,1,70.05090067
G:/CLBF/CLBF/2018/01/CLBF-001/CLBF-001-007/CLBF-001-007_20181028_122300.wav,CLBF-001-007,13:13.0,0.5,1,69.72248703
G:/CLBF/CLBF/2018/01/CLBF-001/CLBF-001-008/CLBF-001-008_20180907_060719.wav,CLBF-001-008,52:22.7,0.5,1,69.26296365
G:/CLBF/CLBF/2018/01/CLBF-001/CLBF-001-009/CLBF-001-009_20181027_095100.wav,CLBF-001-009,20:24.8,0.5,1,69.87769782
G:/CLBF/CLBF/2018/01/CLBF-001/CLBF-001-009/CLBF-001-009_20181029_182500.wav,CLBF-001-009,16:28.2,0.5,1,70.64663621
G:/CLBF/CLBF/2018/01/CLBF-001/CLBF-001-009/CLBF-001-009_20181130_112300.wav,CLBF-001-009,13:24.1,0.5,1,69.22646396
G:/CLBF/CLBF/2018/01/CLBF-001/CLBF-001-009/CLBF-001-009_20181130_112300.wav,CLBF-001-009,13:28.3,0.5,1,69.51011683
G:/CLBF/CLBF/2018/01/CLBF-001/CLBF-001-009/CLBF-001-009_20181130_112300.wav,CLBF-001-009,15:59.9,0.5,1,69.51574544
G:/CLBF/CLBF/2018/01/CLBF-001/CLBF-001-009/CLBF-001-009_20181130_112300.wav,CLBF-001-009,16:11.3,0.5,1,69.21080745
G:/CLBF/CLBF/2018/01/CLBF-001/CLBF-001-009/CLBF-001-009_20181130_112300.wav,CLBF-001-009,22:07.0,0.5,1,71.1525461
G:/CLBF/CLBF/2018/01/CLBF-001/CLBF-001-009/CLBF-001-009_20181130_112300.wav,CLBF-001-009,22:08.9,0.5,1,71.33277798
G:/CLBF/CLBF/2018/01/CLBF-001/CLBF-001-009/CLBF-001-009_20181130_112300.wav,CLBF-001-009,25:12.0,0.5,1,72.70465885
G:/CLBF/CLBF/2018/01/CLBF-001/CLBF-001-009/CLBF-001-009_20181130_112300.wav,CLBF-001-009,25:12.8,0.5,1,73.07006267
G:/CLBF/CLBF/2018/01/CLBF-001/CLBF-001-009/CLBF-001-009_20181130_112300.wav,CLBF-001-009,25:18.7,0.5,1,71.97469833
G:/CLBF/CLBF/2018/01/CLBF-001/CLBF-001-009/CLBF-001-009_20181130_112300.wav,CLBF-001-009,25:21.2,0.5,1,70.92211945
G:/CLBF/CLBF/2018/01/CLBF-001/CLBF-001-009/CLBF-001-009_20181130_112300.wav,CLBF-001-009,25:54.9,0.5,1,69.72974311
G:/CLBF/CLBF/2018/01/CLBF-001/CLBF-001-009/CLBF-001-009_20181130_112300.wav,CLBF-001-009,26:07.9,0.5,1,71.45220682
G:/CLBF/CLBF/2018/01/CLBF-001/CLBF-001-009/CLBF-001-009_20181130_112300.wav,CLBF-001-009,26:12.9,0.5,1,71.90184932
G:/CLBF/CLBF/2018/01/CLBF-001/CLBF-001-009/CLBF-001-009_20181130_115300.wav,CLBF-001-009,05:58.9,0.5,1,70.20183721
G:/CLBF/CLBF/2018/01/CLBF-001/CLBF-001-009/CLBF-001-009_20181130_115300.wav,CLBF-001-009,06:12.4,0.5,1,70.22557754
G:/CLBF/CLBF/2018/01/CLBF-001/CLBF-001-009/CLBF-001-009_20181130_115300.wav,CLBF-001-009,08:46.3,0.5,1,70.71254635
G:/CLBF/CLBF/2018/01/CLBF-001/CLBF-001-009/CLBF-001-009_20181130_115300.wav,CLBF-001-009,08:48.3,0.5,1,70.01627494
G:/CLBF/CLBF/2018/01/CLBF-001/CLBF-001-009/CLBF-001-009_20181130_115300.wav,CLBF-001-009,09:04.2,0.5,1,69.81585874
G:/CLBF/CLBF/2018/01/CLBF-001/CLBF-001-009/CLBF-001-009_20181130_115300.wav,CLBF-001-009,09:16.4,0.5,1,72.81901965
G:/CLBF/CLBF/2018/01/CLBF-001/CLBF-001-009/CLBF-001-009_20181130_115300.wav,CLBF-001-009,09:16.9,0.5,1,73.4826518
G:/CLBF/CLBF/2018/01/CLBF-001/CLBF-001-009/CLBF-001-009_20181130_115300.wav,CLBF-001-009,09:23.4,0.5,1,73.59453162
G:/CLBF/CLBF/2018/01/CLBF-001/CLBF-001-009/CLBF-001-009_20181130_115300.wav,CLBF-001-009,09:24.1,0.5,1,75.74731125
G:/CLBF/CLBF/2018/01/CLBF-001/CLBF-001-009/CLBF-001-009_20181130_115300.wav,CLBF-001-009,09:29.2,0.5,1,71.5568896
G:/CLBF/CLBF/2018/01/CLBF-001/CLBF-001-010/CLBF-001-010_20180928_182800.wav,CLBF-001-010,24:50.2,0.5,1,69.08146585
G:/CLBF/CLBF/2018/01/CLBF-001/CLBF-001-010/CLBF-001-010_20181010_174900.wav,CLBF-001-010,28:20.4,0.5,1,69.33641347
G:/CLBF/CLBF/2018/01/CLBF-001/CLBF-001-010/CLBF-001-010_20181028_115300.wav,CLBF-001-010,28:11.8,0.5,1,74.56972224
G:/CLBF/CLBF/2018/01/CLBF-001/CLBF-001-010/CLBF-001-010_20181113_162400.wav,CLBF-001-010,11:00.7,0.5,1,69.43585113
G:/CLBF/CLBF/2018/01/CLBF-001/CLBF-001-010/CLBF-001-010_20181113_162400.wav,CLBF-001-010,13:36.9,0.5,1,69.82606636
G:/CLBF/CLBF/2018/01/CLBF-001/CLBF-001-010/CLBF-001-010_20181119_123500.wav,CLBF-001-010,10:47.1,0.5,1,71.13358754
G:/CLBF/CLBF/2018/01/CLBF-001/CLBF-001-010/CLBF-001-010_20181129_132200.wav,CLBF-001-010,04:31.6,0.5,1,69.55852464
G:/CLBF/CLBF/2018/01/CLBF-001/CLBF-001-010/CLBF-001-010_20181129_145200.wav,CLBF-001-010,03:04.6,0.5,1,70.51641844
G:/CLBF/CLBF/2018/01/CLBF-001/CLBF-001-011/CLBF-001-011_20180927_065600.wav,CLBF-001-011,15:31.1,0.5,1,71.01204469
G:/CLBF/CLBF/2018/01/CLBF-001/CLBF-001-011/CLBF-001-011_20181018_123400.wav,CLBF-001-011,07:47.7,0.5,1,71.83438024
G:/CLBF/CLBF/2018/01/CLBF-001/CLBF-001-011/CLBF-001-011_20181018_123400.wav,CLBF-001-011,08:02.4,0.5,1,76.23128256
G:/CLBF/CLBF/2018/01/CLBF-001/CLBF-001-012/CLBF-001-012_20180907_065100.wav,CLBF-001-012,08:14.2,0.5,1,72.69380926
G:/CLBF/CLBF/2018/01/CLBF-001/CLBF-001-012/CLBF-001-012_20180913_190200.wav,CLBF-001-012,26:37.7,0.5,1,70.20862976
G:/CLBF/CLBF/2018/01/CLBF-001/CLBF-001-012/CLBF-001-012_20180913_190200.wav,CLBF-001-012,26:38.7,0.5,1,73.77971863
G:/CLBF/CLBF/2018/01/CLBF-001/CLBF-001-012/CLBF-001-012_20180915_113500.wav,CLBF-001-012,08:49.7,0.5,1,69.65720485
G:/CLBF/CLBF/2018/01/CLBF-001/CLBF-001-012/CLBF-001-012_20180919_071200.wav,CLBF-001-012,06:48.8,0.5,1,71.09988957
G:/CLBF/CLBF/2018/01/CLBF-001/CLBF-001-012/CLBF-001-012_20180929_183000.wav,CLBF-001-012,11:06.7,0.5,1,70.66961488
G:/CLBF/CLBF/2018/01/CLBF-001/CLBF-001-012/CLBF-001-012_20181025_091700.wav,CLBF-001-012,08:45.6,0.5,1,69.77682085
G:/CLBF/CLBF/2018/01/CLBF-001/CLBF-001-012/CLBF-001-012_20181112_075200.wav,CLBF-001-012,24:51.4,0.5,1,72.04229774
G:/CLBF/CLBF/2018/01/CLBF-001/CLBF-001-012/CLBF-001-012_20181112_075200.wav,CLBF-001-012,24:59.3,0.5,1,73.73598951
G:/CLBF/CLBF/2018/01/CLBF-001/CLBF-001-012/CLBF-001-012_20181114_145600.wav,CLBF-001-012,16:51.5,0.5,1,70.37326384
G:/CLBF/CLBF/2018/01/CLBF-001/CLBF-001-012/CLBF-001-012_20181114_145600.wav,CLBF-001-012,20:30.5,0.5,1,72.97603742
G:/CLBF/CLBF/2018/01/CLBF-001/CLBF-001-013/CLBF-001-013_20180906_144900.wav,CLBF-001-013,15:54.8,0.5,1,70.71816235
G:/CLBF/CLBF/2018/01/CLBF-001/CLBF-001-013/CLBF-001-013_20180922_071700.wav,CLBF-001-013,22:11.7,0.5,1,74.90446352
G:/CLBF/CLBF/2018/01/CLBF-001/CLBF-001-013/CLBF-001-013_20180922_074700.wav,CLBF-001-013,09:47.3,0.5,1,72.34538119
G:/CLBF/CLBF/2018/01/CLBF-001/CLBF-001-013/CLBF-001-013_20180922_091700.wav,CLBF-001-013,13:36.7,0.5,1,70.81043531
G:/CLBF/CLBF/2018/01/CLBF-001/CLBF-001-013/CLBF-001-013_20181010_184900.wav,CLBF-001-013,12:34.8,0.5,1,71.81110403
G:/CLBF/CLBF/2018/01/CLBF-001/CLBF-001-013/CLBF-001-013_20181029_165500.wav,CLBF-001-013,09:12.3,0.5,1,73.55972825
G:/CLBF/CLBF/2018/01/CLBF-001/CLBF-001-013/CLBF-001-013_20181029_165500.wav,CLBF-001-013,09:17.6,0.5,1,75.88020095
G:/CLBF/CLBF/2018/01/CLBF-001/CLBF-001-013/CLBF-001-013_20181029_165500.wav,CLBF-001-013,11:27.9,0.5,1,70.18880978
G:/CLBF/CLBF/2018/01/CLBF-001/CLBF-001-014/CLBF-001-014_20181028_095300.wav,CLBF-001-014,12:51.7,0.5,1,71.42981338
G:/CLBF/CLBF/2018/01/CLBF-001/CLBF-001-014/CLBF-001-014_20181028_102300.wav,CLBF-001-014,26:21.5,0.5,1,69.99634324
G:/CLBF/CLBF/2018/01/CLBF-001/CLBF-001-014/CLBF-001-014_20181028_102300.wav,CLBF-001-014,29:20.6,0.5,1,72.81627208
G:/CLBF/CLBF/2018/01/CLBF-001/CLBF-001-014/CLBF-001-014_20181028_105300.wav,CLBF-001-014,13:41.1,0.5,1,71.34603615
G:/CLBF/CLBF/2018/01/CLBF-001/CLBF-001-014/CLBF-001-014_20181028_105300.wav,CLBF-001-014,15:08.3,0.5,1,71.88535988
G:/CLBF/CLBF/2018/01/CLBF-001/CLBF-001-014/CLBF-001-014_20181103_120500.wav,CLBF-001-014,13:22.2,0.5,1,69.7410741
G:/CLBF/CLBF/2018/01/CLBF-001/CLBF-001-014/CLBF-001-014_20181103_120500.wav,CLBF-001-014,14:09.3,0.5,1,71.6440154
G:/CLBF/CLBF/2018/01/CLBF-001/CLBF-001-014/CLBF-001-014_20181103_120500.wav,CLBF-001-014,20:30.1,0.5,1,70.8342652
G:/CLBF/CLBF/2018/01/CLBF-001/CLBF-001-014/CLBF-001-014_20181113_155400.wav,CLBF-001-014,05:28.2,0.5,1,69.90094543
G:/CLBF/CLBF/2018/01/CLBF-001/CLBF-001-016/CLBF-001-016_20180910_062600.wav,CLBF-001-016,10:38.5,0.5,1,73.697866
G:/CLBF/CLBF/2018/01/CLBF-001/CLBF-001-016/CLBF-001-016_20180910_062600.wav,CLBF-001-016,11:43.7,0.5,1,72.94204699
G:/CLBF/CLBF/2018/01/CLBF-001/CLBF-001-016/CLBF-001-016_20181023_074400.wav,CLBF-001-016,01:17.4,0.5,1,69.21297454
G:/CLBF/CLBF/2018/01/CLBF-001/CLBF-001-018/CLBF-001-018_20180908_065300.wav,CLBF-001-018,14:08.8,0.5,1,71.25366417
G:/CLBF/CLBF/2018/01/CLBF-001/CLBF-001-018/CLBF-001-018_20180912_193000.wav,CLBF-001-018,03:55.7,0.5,1,73.65166053
G:/CLBF/CLBF/2018/01/CLBF-001/CLBF-001-018/CLBF-001-018_20180912_193000.wav,CLBF-001-018,03:56.7,0.5,1,75.55917522
G:/CLBF/CLBF/2018/01/CLBF-001/CLBF-001-018/CLBF-001-018_20181004_180900.wav,CLBF-001-018,02:35.7,0.5,1,69.20921197
G:/CLBF/CLBF/2018/01/CLBF-001/CLBF-001-018/CLBF-001-018_20181029_152500.wav,CLBF-001-018,28:08.8,0.5,1,69.52717228
G:/CLBF/CLBF/2018/01/CLBF-001/CLBF-001-019/CLBF-001-019_20181028_102300.wav,CLBF-001-019,28:17.3,0.5,1,70.39038411
G:/CLBF/CLBF/2018/01/CLBF-001/CLBF-001-019/CLBF-001-019_20181028_105300.wav,CLBF-001-019,01:00.9,0.5,1,69.3551343
G:/CLBF/CLBF/2018/01/CLBF-001/CLBF-001-019/CLBF-001-019_20181028_105300.wav,CLBF-001-019,05:01.0,0.5,1,71.19324692
G:/CLBF/CLBF/2018/01/CLBF-001/CLBF-001-019/CLBF-001-019_20181028_105300.wav,CLBF-001-019,16:18.8,0.5,1,70.15612465
G:/CLBF/CLBF/2018/01/CLBF-001/CLBF-001-019/CLBF-001-019_20181028_105300.wav,CLBF-001-019,21:00.6,0.5,1,71.6322769
G:/CLBF/CLBF/2018/01/CLBF-001/CLBF-001-019/CLBF-001-019_20181028_112300.wav,CLBF-001-019,00:03.2,0.5,1,74.76911738
G:/CLBF/CLBF/2018/01/CLBF-001/CLBF-001-019/CLBF-001-019_20181028_115300.wav,CLBF-001-019,23:44.4,0.5,1,69.32155451
G:/CLBF/CLBF/2018/01/CLBF-001/CLBF-001-019/CLBF-001-019_20181109_104600.wav,CLBF-001-019,09:47.9,0.5,1,69.56716862
G:/CLBF/CLBF/2018/01/CLBF-001/CLBF-001-020/CLBF-001-020_20181018_140400.wav,CLBF-001-020,09:15.1,0.5,1,74.73150232
G:/CLBF/CLBF/2018/01/CLBF-001/CLBF-001-020/CLBF-001-020_20181113_162400.wav,CLBF-001-020,00:00.6,0.5,1,69.10808105
G:/CLBF/CLBF/2018/01/CLBF-001/CLBF-001-022/CLBF-001-022_20180907_062100.wav,CLBF-001-022,04:23.4,0.5,1,73.88620904
G:/CLBF/CLBF/2018/01/CLBF-001/CLBF-001-022/CLBF-001-022_20180907_062100.wav,CLBF-001-022,06:13.6,0.5,1,69.72729184
G:/CLBF/CLBF/2018/01/CLBF-001/CLBF-001-022/CLBF-001-022_20180907_062100.wav,CLBF-001-022,06:43.2,0.5,1,70.0050839
G:/CLBF/CLBF/2018/01/CLBF-001/CLBF-001-022/CLBF-001-022_20180907_062100.wav,CLBF-001-022,09:10.8,0.5,1,69.80569363
G:/CLBF/CLBF/2018/01/CLBF-001/CLBF-001-022/CLBF-001-022_20180907_062100.wav,CLBF-001-022,09:18.0,0.5,1,69.85453038
G:/CLBF/CLBF/2018/01/CLBF-001/CLBF-001-022/CLBF-001-022_20180907_062100.wav,CLBF-001-022,09:28.3,0.5,1,74.65601083
G:/CLBF/CLBF/2018/01/CLBF-001/CLBF-001-022/CLBF-001-022_20180907_062100.wav,CLBF-001-022,09:28.9,0.5,1,71.86248775
G:/CLBF/CLBF/2018/01/CLBF-001/CLBF-001-022/CLBF-001-022_20180907_062100.wav,CLBF-001-022,10:08.5,0.5,1,69.4464703
G:/CLBF/CLBF/2018/01/CLBF-001/CLBF-001-022/CLBF-001-022_20180907_062100.wav,CLBF-001-022,10:10.4,0.5,1,69.1584822
G:/CLBF/CLBF/2018/01/CLBF-001/CLBF-001-022/CLBF-001-022_20180907_062100.wav,CLBF-001-022,10:11.0,0.5,1,74.98144376
G:/CLBF/CLBF/2018/01/CLBF-001/CLBF-001-022/CLBF-001-022_20180907_062100.wav,CLBF-001-022,16:04.4,0.5,1,75.38822536
G:/CLBF/CLBF/2018/01/CLBF-001/CLBF-001-022/CLBF-001-022_20180907_062100.wav,CLBF-001-022,16:30.6,0.5,1,70.4229417
G:/CLBF/CLBF/2018/01/CLBF-001/CLBF-001-022/CLBF-001-022_20180907_062100.wav,CLBF-001-022,16:31.2,0.5,1,70.78317067
G:/CLBF/CLBF/2018/01/CLBF-001/CLBF-001-022/CLBF-001-022_20180907_062100.wav,CLBF-001-022,20:33.4,0.5,1,70.31663212
G:/CLBF/CLBF/2018/01/CLBF-001/CLBF-001-022/CLBF-001-022_20180907_065100.wav,CLBF-001-022,01:51.7,0.5,1,72.81918854
G:/CLBF/CLBF/2018/01/CLBF-001/CLBF-001-022/CLBF-001-022_20180907_065100.wav,CLBF-001-022,01:52.6,0.5,1,71.43003175
G:/CLBF/CLBF/2018/01/CLBF-001/CLBF-001-022/CLBF-001-022_20180907_072100.wav,CLBF-001-022,11:48.8,0.5,1,73.03600073
G:/CLBF/CLBF/2018/01/CLBF-001/CLBF-001-022/CLBF-001-022_20180907_072100.wav,CLBF-001-022,17:59.0,0.5,1,70.76354481
G:/CLBF/CLBF/2018/01/CLBF-001/CLBF-001-022/CLBF-001-022_20180907_075100.wav,CLBF-001-022,09:59.7,0.5,1,69.89867974
G:/CLBF/CLBF/2018/01/CLBF-001/CLBF-001-022/CLBF-001-022_20180907_075100.wav,CLBF-001-022,13:03.1,0.5,1,70.55914515
G:/CLBF/CLBF/2018/01/CLBF-001/CLBF-001-022/CLBF-001-022_20180907_075100.wav,CLBF-001-022,13:03.8,0.5,1,75.47765707
G:/CLBF/CLBF/2018/01/CLBF-001/CLBF-001-022/CLBF-001-022_20180907_075100.wav,CLBF-001-022,17:30.1,0.5,1,69.32471506
G:/CLBF/CLBF/2018/01/CLBF-001/CLBF-001-022/CLBF-001-022_20180907_075100.wav,CLBF-001-022,17:31.1,0.5,1,70.8897265
G:/CLBF/CLBF/2018/01/CLBF-001/CLBF-001-022/CLBF-001-022_20180907_075100.wav,CLBF-001-022,25:27.6,0.5,1,69.11410882
G:/CLBF/CLBF/2018/01/CLBF-001/CLBF-001-022/CLBF-001-022_20180907_075100.wav,CLBF-001-022,27:03.9,0.5,1,69.08938163
G:/CLBF/CLBF/2018/01/CLBF-001/CLBF-001-022/CLBF-001-022_20180907_082100.wav,CLBF-001-022,01:02.7,0.5,1,71.99890065
G:/CLBF/CLBF/2018/01/CLBF-001/CLBF-001-022/CLBF-001-022_20180907_082100.wav,CLBF-001-022,03:05.3,0.5,1,73.64824858
G:/CLBF/CLBF/2018/01/CLBF-001/CLBF-001-022/CLBF-001-022_20180907_082100.wav,CLBF-001-022,03:06.0,0.5,1,72.3013715
G:/CLBF/CLBF/2018/01/CLBF-001/CLBF-001-022/CLBF-001-022_20180907_082100.wav,CLBF-001-022,04:03.8,0.5,1,72.31772006
G:/CLBF/CLBF/2018/01/CLBF-001/CLBF-001-022/CLBF-001-022_20180907_082100.wav,CLBF-001-022,04:04.6,0.5,1,73.05844092
G:/CLBF/CLBF/2018/01/CLBF-001/CLBF-001-022/CLBF-001-022_20180907_082100.wav,CLBF-001-022,17:27.2,0.5,1,69.55605293
G:/CLBF/CLBF/2018/01/CLBF-001/CLBF-001-022/CLBF-001-022_20180907_082100.wav,CLBF-001-022,17:28.1,0.5,1,69.90539168
G:/CLBF/CLBF/2018/01/CLBF-001/CLBF-001-022/CLBF-001-022_20180907_082100.wav,CLBF-001-022,22:01.0,0.5,1,76.05091204
G:/CLBF/CLBF/2018/01/CLBF-001/CLBF-001-022/CLBF-001-022_20180907_082100.wav,CLBF-001-022,22:01.6,0.5,1,70.08359402
G:/CLBF/CLBF/2018/01/CLBF-001/CLBF-001-022/CLBF-001-022_20180907_082100.wav,CLBF-001-022,22:18.9,0.5,1,71.74207492
G:/CLBF/CLBF/2018/01/CLBF-001/CLBF-001-022/CLBF-001-022_20180907_092100.wav,CLBF-001-022,00:19.6,0.5,1,70.35605844
G:/CLBF/CLBF/2018/01/CLBF-001/CLBF-001-022/CLBF-001-022_20180907_092100.wav,CLBF-001-022,00:25.4,0.5,1,73.83467201
G:/CLBF/CLBF/2018/01/CLBF-001/CLBF-001-022/CLBF-001-022_20180915_063500.wav,CLBF-001-022,05:49.9,0.5,1,69.94114015
G:/CLBF/CLBF/2018/01/CLBF-001/CLBF-001-022/CLBF-001-022_20180915_073500.wav,CLBF-001-022,03:45.9,0.5,1,70.195259
G:/CLBF/CLBF/2018/01/CLBF-001/CLBF-001-022/CLBF-001-022_20180915_073500.wav,CLBF-001-022,03:46.8,0.5,1,69.69107682
G:/CLBF/CLBF/2018/01/CLBF-001/CLBF-001-022/CLBF-001-022_20180915_073500.wav,CLBF-001-022,05:18.4,0.5,1,69.61613786
G:/CLBF/CLBF/2018/01/CLBF-001/CLBF-001-022/CLBF-001-022_20180915_080500.wav,CLBF-001-022,04:15.0,0.5,1,71.07283901
G:/CLBF/CLBF/2018/01/CLBF-001/CLBF-001-022/CLBF-001-022_20180915_080500.wav,CLBF-001-022,04:16.4,0.5,1,77.7814654
G:/CLBF/CLBF/2018/01/CLBF-001/CLBF-001-022/CLBF-001-022_20180915_083500.wav,CLBF-001-022,21:44.1,0.5,1,71.16319021
G:/CLBF/CLBF/2018/01/CLBF-001/CLBF-001-022/CLBF-001-022_20180915_083500.wav,CLBF-001-022,21:46.5,0.5,1,71.03440332
G:/CLBF/CLBF/2018/01/CLBF-001/CLBF-001-022/CLBF-001-022_20180915_083500.wav,CLBF-001-022,21:59.9,0.5,1,71.14097094
G:/CLBF/CLBF/2018/01/CLBF-001/CLBF-001-022/CLBF-001-022_20180915_090500.wav,CLBF-001-022,07:47.9,0.5,1,70.14827082
G:/CLBF/CLBF/2018/01/CLBF-001/CLBF-001-022/CLBF-001-022_20180923_084900.wav,CLBF-001-022,01:10.3,0.5,1,71.30961745
G:/CLBF/CLBF/2018/01/CLBF-001/CLBF-001-022/CLBF-001-022_20181005_094000.wav,CLBF-001-022,15:46.0,0.5,1,71.22164745
G:/CLBF/CLBF/2018/01/CLBF-001/CLBF-001-022/CLBF-001-022_20181011_122100.wav,CLBF-001-022,22:09.4,0.5,1,71.12341726
G:/CLBF/CLBF/2018/01/CLBF-001/CLBF-001-023/CLBF-001-023_20180902_061200.wav,CLBF-001-023,25:04.4,0.5,1,71.80934487
G:/CLBF/CLBF/2018/01/CLBF-001/CLBF-001-023/CLBF-001-023_20180902_064200.wav,CLBF-001-023,20:08.8,0.5,1,69.62144264
G:/CLBF/CLBF/2018/01/CLBF-001/CLBF-001-023/CLBF-001-023_20180902_071200.wav,CLBF-001-023,01:10.9,0.5,1,70.47202105
G:/CLBF/CLBF/2018/01/CLBF-001/CLBF-001-023/CLBF-001-023_20180902_071200.wav,CLBF-001-023,01:11.6,0.5,1,71.51021291
G:/CLBF/CLBF/2018/01/CLBF-001/CLBF-001-023/CLBF-001-023_20180902_071200.wav,CLBF-001-023,01:12.4,0.5,1,72.78200539
G:/CLBF/CLBF/2018/01/CLBF-001/CLBF-001-023/CLBF-001-023_20180902_071200.wav,CLBF-001-023,05:34.8,0.5,1,75.02714224
G:/CLBF/CLBF/2018/01/CLBF-001/CLBF-001-023/CLBF-001-023_20180902_081200.wav,CLBF-001-023,12:57.3,0.5,1,72.89453872
G:/CLBF/CLBF/2018/01/CLBF-001/CLBF-001-023/CLBF-001-023_20180902_081200.wav,CLBF-001-023,13:09.7,0.5,1,69.53664254
G:/CLBF/CLBF/2018/01/CLBF-001/CLBF-001-023/CLBF-001-023_20180902_081200.wav,CLBF-001-023,20:07.2,0.5,1,72.00535791
G:/CLBF/CLBF/2018/01/CLBF-001/CLBF-001-023/CLBF-001-023_20180908_062300.wav,CLBF-001-023,09:03.4,0.5,1,73.88660771
G:/CLBF/CLBF/2018/01/CLBF-001/CLBF-001-023/CLBF-001-023_20180908_075300.wav,CLBF-001-023,28:16.3,0.5,1,70.73391037
G:/CLBF/CLBF/2018/01/CLBF-001/CLBF-001-023/CLBF-001-023_20180908_075300.wav,CLBF-001-023,29:27.4,0.5,1,71.95431061
G:/CLBF/CLBF/2018/01/CLBF-001/CLBF-001-023/CLBF-001-023_20181006_071200.wav,CLBF-001-023,04:05.6,0.5,1,69.20270542
G:/CLBF/CLBF/2018/01/CLBF-001/CLBF-001-023/CLBF-001-023_20181006_071200.wav,CLBF-001-023,04:07.3,0.5,1,73.60485936
G:/CLBF/CLBF/2018/01/CLBF-001/CLBF-001-023/CLBF-001-023_20181006_084200.wav,CLBF-001-023,20:54.4,0.5,1,74.24695455
G:/CLBF/CLBF/2018/01/CLBF-001/CLBF-001-023/CLBF-001-023_20181006_091200.wav,CLBF-001-023,09:54.9,0.5,1,71.13605024
G:/CLBF/CLBF/2018/01/CLBF-001/CLBF-001-023/CLBF-001-023_20181023_124400.wav,CLBF-001-023,09:09.5,0.5,1,70.21820754
G:/CLBF/CLBF/2018/01/CLBF-001/CLBF-001-024/CLBF-001-024_20181008_104600.wav,CLBF-001-024,03:44.2,0.5,1,71.4560808
G:/CLBF/CLBF/2018/01/CLBF-001/CLBF-001-024/CLBF-001-024_20181008_104600.wav,CLBF-001-024,17:40.6,0.5,1,70.18544923
G:/CLBF/CLBF/2018/01/CLBF-001/CLBF-001-024/CLBF-001-024_20181008_134600.wav,CLBF-001-024,19:23.5,0.5,1,71.7611153
G:/CLBF/CLBF/2018/01/CLBF-001/CLBF-001-024/CLBF-001-024_20181018_104209.wav,CLBF-001-024,10:20.4,0.5,1,76.40965523
G:/CLBF/CLBF/2018/01/CLBF-001/CLBF-001-024/CLBF-001-024_20181018_104209.wav,CLBF-001-024,10:34.6,0.5,1,72.78853995
G:/CLBF/CLBF/2018/01/CLBF-001/CLBF-001-024/CLBF-001-024_20181028_115300.wav,CLBF-001-024,14:35.7,0.5,1,69.07898531
G:/CLBF/CLBF/2018/01/CLBF-001/CLBF-001-024/CLBF-001-024_20181028_115300.wav,CLBF-001-024,15:54.0,0.5,1,72.28485798
G:/CLBF/CLBF/2018/01/CLBF-001/CLBF-001-024/CLBF-001-024_20181028_115300.wav,CLBF-001-024,29:30.0,0.5,1,72.10649112
G:/CLBF/CLBF/2018/01/CLBF-001/CLBF-001-024/CLBF-001-024_20181028_122300.wav,CLBF-001-024,14:05.8,0.5,1,69.76040936
G:/CLBF/CLBF/2018/01/CLBF-001/CLBF-001-024/CLBF-001-024_20181028_122300.wav,CLBF-001-024,16:36.1,0.5,1,69.47431352
G:/CLBF/CLBF/2018/01/CLBF-001/CLBF-001-024/CLBF-001-024_20181028_122300.wav,CLBF-001-024,16:59.6,0.5,1,74.14036984
G:/CLBF/CLBF/2018/01/CLBF-001/CLBF-001-024/CLBF-001-024_20181109_104600.wav,CLBF-001-024,10:13.5,0.5,1,74.67332431
G:/CLBF/CLBF/2018/01/CLBF-001/CLBF-001-025/CLBF-001-025_20180917_070139.wav,CLBF-001-025,27:32.8,0.5,1,71.4624943
G:/CLBF/CLBF/2018/01/CLBF-001/CLBF-001-025/CLBF-001-025_20180917_070139.wav,CLBF-001-025,28:51.8,0.5,1,73.79926055
G:/CLBF/CLBF/2018/01/CLBF-001/CLBF-001-025/CLBF-001-025_20180917_130140.wav,CLBF-001-025,28:35.9,0.5,1,70.22749495
G:/CLBF/CLBF/2018/01/CLBF-001/CLBF-001-026/CLBF-001-026_20181002_183500.wav,CLBF-001-026,14:48.4,0.5,1,71.3258185
G:/CLBF/CLBF/2018/01/CLBF-001/CLBF-001-026/CLBF-001-026_20181023_074400.wav,CLBF-001-026,00:56.8,0.5,1,74.9161862
G:/CLBF/CLBF/2018/01/CLBF-001/CLBF-001-026/CLBF-001-026_20181023_074400.wav,CLBF-001-026,01:20.9,0.5,1,70.19504716
G:/CLBF/CLBF/2018/01/CLBF-001/CLBF-001-026/CLBF-001-026_20181108_174400.wav,CLBF-001-026,16:13.7,0.5,1,70.08109555
G:/CLBF/CLBF/2018/01/CLBF-001/CLBF-001-027/CLBF-001-027_20180906_064900.wav,CLBF-001-027,04:42.3,0.5,1,69.73383413
G:/CLBF/CLBF/2018/01/CLBF-001/CLBF-001-027/CLBF-001-027_20180906_071900.wav,CLBF-001-027,03:39.7,0.5,1,71.4684766
G:/CLBF/CLBF/2018/01/CLBF-001/CLBF-001-027/CLBF-001-027_20180906_071900.wav,CLBF-001-027,03:41.9,0.5,1,71.98363343
G:/CLBF/CLBF/2018/01/CLBF-001/CLBF-001-027/CLBF-001-027_20180906_071900.wav,CLBF-001-027,04:21.7,0.5,1,69.48360107
G:/CLBF/CLBF/2018/01/CLBF-001/CLBF-001-027/CLBF-001-027_20180906_071900.wav,CLBF-001-027,04:22.5,0.5,1,69.68217866
G:/CLBF/CLBF/2018/01/CLBF-001/CLBF-001-027/CLBF-001-027_20180906_071900.wav,CLBF-001-027,04:59.5,0.5,1,69.8016628
G:/CLBF/CLBF/2018/01/CLBF-001/CLBF-001-027/CLBF-001-027_20180906_071900.wav,CLBF-001-027,05:53.6,0.5,1,69.31986203
G:/CLBF/CLBF/2018/01/CLBF-001/CLBF-001-027/CLBF-001-027_20180906_071900.wav,CLBF-001-027,06:21.1,0.5,1,75.93467197
G:/CLBF/CLBF/2018/01/CLBF-001/CLBF-001-027/CLBF-001-027_20180906_071900.wav,CLBF-001-027,06:21.9,0.5,1,71.78683506
G:/CLBF/CLBF/2018/01/CLBF-001/CLBF-001-027/CLBF-001-027_20180906_071900.wav,CLBF-001-027,06:22.7,0.5,1,74.66088011
G:/CLBF/CLBF/2018/01/CLBF-001/CLBF-001-027/CLBF-001-027_20180906_071900.wav,CLBF-001-027,06:48.3,0.5,1,71.16681032
G:/CLBF/CLBF/2018/01/CLBF-001/CLBF-001-027/CLBF-001-027_20180906_071900.wav,CLBF-001-027,12:25.2,0.5,1,76.19846364
G:/CLBF/CLBF/2018/01/CLBF-001/CLBF-001-027/CLBF-001-027_20180906_071900.wav,CLBF-001-027,12:26.2,0.5,1,72.6242011
G:/CLBF/CLBF/2018/01/CLBF-001/CLBF-001-027/CLBF-001-027_20180906_071900.wav,CLBF-001-027,12:54.7,0.5,1,72.86912072
G:/CLBF/CLBF/2018/01/CLBF-001/CLBF-001-027/CLBF-001-027_20180906_071900.wav,CLBF-001-027,12:55.4,0.5,1,75.23282171
G:/CLBF/CLBF/2018/01/CLBF-001/CLBF-001-027/CLBF-001-027_20180906_071900.wav,CLBF-001-027,12:56.5,0.5,1,77.77316191
G:/CLBF/CLBF/2018/01/CLBF-001/CLBF-001-027/CLBF-001-027_20180906_071900.wav,CLBF-001-027,28:48.6,0.5,1,69.1578849
G:/CLBF/CLBF/2018/01/CLBF-001/CLBF-001-027/CLBF-001-027_20180906_071900.wav,CLBF-001-027,28:49.3,0.5,1,77.72851617
G:/CLBF/CLBF/2018/01/CLBF-001/CLBF-001-027/CLBF-001-027_20180906_071900.wav,CLBF-001-027,28:50.3,0.5,1,75.31563637
G:/CLBF/CLBF/2018/01/CLBF-001/CLBF-001-027/CLBF-001-027_20180906_074900.wav,CLBF-001-027,19:32.2,0.5,1,71.43965476
G:/CLBF/CLBF/2018/01/CLBF-001/CLBF-001-027/CLBF-001-027_20180906_074900.wav,CLBF-001-027,19:33.9,0.5,1,69.79642982
G:/CLBF/CLBF/2018/01/CLBF-001/CLBF-001-027/CLBF-001-027_20180908_062300.wav,CLBF-001-027,19:29.7,0.5,1,69.38793992
G:/CLBF/CLBF/2018/01/CLBF-001/CLBF-001-027/CLBF-001-027_20180908_065300.wav,CLBF-001-027,14:31.3,0.5,1,69.78201423
G:/CLBF/CLBF/2018/01/CLBF-001/CLBF-001-027/CLBF-001-027_20180908_075300.wav,CLBF-001-027,27:19.8,0.5,1,73.65859681
G:/CLBF/CLBF/2018/01/CLBF-001/CLBF-001-027/CLBF-001-027_20180908_102300.wav,CLBF-001-027,21:13.9,0.5,1,72.57841512
G:/CLBF/CLBF/2018/01/CLBF-001/CLBF-001-027/CLBF-001-027_20180922_064700.wav,CLBF-001-027,09:35.1,0.5,1,71.66596388
G:/CLBF/CLBF/2018/01/CLBF-001/CLBF-001-027/CLBF-001-027_20180922_064700.wav,CLBF-001-027,14:23.9,0.5,1,69.47223519
G:/CLBF/CLBF/2018/01/CLBF-001/CLBF-001-027/CLBF-001-027_20180922_064700.wav,CLBF-001-027,14:24.5,0.5,1,69.38877207
G:/CLBF/CLBF/2018/01/CLBF-001/CLBF-001-027/CLBF-001-027_20180922_071700.wav,CLBF-001-027,07:40.4,0.5,1,69.09205776
G:/CLBF/CLBF/2018/01/CLBF-001/CLBF-001-027/CLBF-001-027_20180930_070200.wav,CLBF-001-027,26:19.4,0.5,1,69.48671658
G:/CLBF/CLBF/2018/01/CLBF-001/CLBF-001-027/CLBF-001-027_20181002_160500.wav,CLBF-001-027,19:16.1,0.5,1,69.90522623
G:/CLBF/CLBF/2018/01/CLBF-001/CLBF-001-027/CLBF-001-027_20181002_160500.wav,CLBF-001-027,19:17.4,0.5,1,76.9558817
G:/CLBF/CLBF/2018/01/CLBF-001/CLBF-001-027/CLBF-001-027_20181006_071200.wav,CLBF-001-027,09:48.7,0.5,1,72.62873553
G:/CLBF/CLBF/2018/01/CLBF-001/CLBF-001-027/CLBF-001-027_20181006_084200.wav,CLBF-001-027,07:42.2,0.5,1,69.07940609
G:/CLBF/CLBF/2018/01/CLBF-001/CLBF-001-027/CLBF-001-027_20181126_104700.wav,CLBF-001-027,28:22.1,0.5,1,70.54085403
G:/CLBF/CLBF/2018/01/CLBF-001/CLBF-001-028/CLBF-001-028_20181019_164600.wav,CLBF-001-028,13:49.7,0.5,1,69.88357728
G:/CLBF/CLBF/2018/01/CLBF-001/CLBF-001-028/CLBF-001-028_20181126_155600.wav,CLBF-001-028,07:31.4,0.5,1,77.23497627
G:/CLBF/CLBF/2018/01/CLBF-001/CLBF-001-032/CLBF-001-032_20180918_091000.wav,CLBF-001-032,01:50.1,0.5,1,76.12410094
G:/CLBF/CLBF/2018/01/CLBF-001/CLBF-001-032/CLBF-001-032_20181004_113900.wav,CLBF-001-032,29:36.4,0.5,1,72.40507489
G:/CLBF/CLBF/2018/01/CLBF-001/CLBF-001-032/CLBF-001-032_20181004_113900.wav,CLBF-001-032,29:37.5,0.5,1,73.15537825
G:/CLBF/CLBF/2018/01/CLBF-001/CLBF-001-032/CLBF-001-032_20181004_113900.wav,CLBF-001-032,29:38.5,0.5,1,75.37461942
G:/CLBF/CLBF/2018/01/CLBF-001/CLBF-001-032/CLBF-001-032_20181004_120900.wav,CLBF-001-032,00:04.6,0.5,1,77.56259923
G:/CLBF/CLBF/2018/01/CLBF-001/CLBF-001-032/CLBF-001-032_20181004_120900.wav,CLBF-001-032,06:28.0,0.5,1,69.23763981
G:/CLBF/CLBF/2018/01/CLBF-001/CLBF-001-032/CLBF-001-032_20181004_120900.wav,CLBF-001-032,06:40.2,0.5,1,70.76479137
G:/CLBF/CLBF/2018/01/CLBF-001/CLBF-001-032/CLBF-001-032_20181004_120900.wav,CLBF-001-032,06:44.9,0.5,1,71.0408644
G:/CLBF/CLBF/2018/01/CLBF-001/CLBF-001-032/CLBF-001-032_20181016_180100.wav,CLBF-001-032,22:29.2,0.5,1,71.97390337
G:/CLBF/CLBF/2018/01/CLBF-001/CLBF-001-032/CLBF-001-032_20181016_183100.wav,CLBF-001-032,11:50.6,0.5,1,76.42068774
G:/CLBF/CLBF/2018/01/CLBF-001/CLBF-001-032/CLBF-001-032_20181016_183100.wav,CLBF-001-032,12:35.3,0.5,1,79.3826434
G:/CLBF/CLBF/2018/01/CLBF-001/CLBF-001-032/CLBF-001-032_20181016_183100.wav,CLBF-001-032,23:12.8,0.5,1,74.6575568
G:/CLBF/CLBF/2018/01/CLBF-001/CLBF-001-032/CLBF-001-032_20181023_074400.wav,CLBF-001-032,00:56.5,0.5,1,78.5610858
G:/CLBF/CLBF/2018/01/CLBF-001/CLBF-001-032/CLBF-001-032_20181023_074400.wav,CLBF-001-032,01:14.9,0.5,1,74.47485203
G:/CLBF/CLBF/2018/01/CLBF-001/CLBF-001-032/CLBF-001-032_20181023_074400.wav,CLBF-001-032,01:20.6,0.5,1,73.80802816
G:/CLBF/CLBF/2018/01/CLBF-001/CLBF-001-032/CLBF-001-032_20181029_145500.wav,CLBF-001-032,02:30.4,0.5,1,77.08820093
G:/CLBF/CLBF/2018/01/CLBF-001/CLBF-001-032/CLBF-001-032_20181108_174400.wav,CLBF-001-032,16:16.6,0.5,1,78.05186994
G:/CLBF/CLBF/2018/01/CLBF-001/CLBF-001-033/CLBF-001-033_20180907_082100.wav,CLBF-001-033,21:51.1,0.5,1,69.71322334
G:/CLBF/CLBF/2018/01/CLBF-001/CLBF-001-033/CLBF-001-033_20181124_164400.wav,CLBF-001-033,25:29.4,0.5,1,69.33940527
G:/CLBF/CLBF/2018/01/CLBF-001/CLBF-001-033/CLBF-001-033_20181124_164400.wav,CLBF-001-033,26:45.2,0.5,1,71.76937356
G:/CLBF/CLBF/2018/01/CLBF-001/CLBF-001-034/CLBF-001-034_20180907_092100.wav,CLBF-001-034,00:10.3,0.5,1,70.84409488
G:/CLBF/CLBF/2018/01/CLBF-001/CLBF-001-034/CLBF-001-034_20180907_092100.wav,CLBF-001-034,00:16.0,0.5,1,71.71978159
G:/CLBF/CLBF/2018/01/CLBF-001/CLBF-001-034/CLBF-001-034_20180911_182800.wav,CLBF-001-034,05:52.8,0.5,1,70.55000199
G:/CLBF/CLBF/2018/01/CLBF-001/CLBF-001-034/CLBF-001-034_20180911_182800.wav,CLBF-001-034,05:53.9,0.5,1,74.74375874
G:/CLBF/CLBF/2018/01/CLBF-001/CLBF-001-034/CLBF-001-034_20181007_081400.wav,CLBF-001-034,12:35.9,0.5,1,72.27171066
G:/CLBF/CLBF/2018/01/CLBF-001/CLBF-001-034/CLBF-001-034_20181017_123204.wav,CLBF-001-034,11:30.6,0.5,1,74.85418182
G:/CLBF/CLBF/2018/01/CLBF-001/CLBF-001-034/CLBF-001-034_20181017_123204.wav,CLBF-001-034,11:51.1,0.5,1,75.17223406
G:/CLBF/CLBF/2018/01/CLBF-001/CLBF-001-034/CLBF-001-034_20181019_170600.wav,CLBF-001-034,15:50.8,0.5,1,72.09779294
G:/CLBF/CLBF/2018/01/CLBF-001/CLBF-001-035/CLBF-001-035_20181112_075200.wav,CLBF-001-035,24:57.4,0.5,1,71.48818817
G:/CLBF/CLBF/2018/01/CLBF-001/CLBF-001-036/CLBF-001-036_20181008_114600.wav,CLBF-001-036,10:35.4,0.5,1,69.54586973
G:/CLBF/CLBF/2018/01/CLBF-001/CLBF-001-040/CLBF-001-040_20181016_093100.wav,CLBF-001-040,25:48.2,0.5,1,69.8996399
G:/CLBF/CLBF/2018/01/CLBF-001/CLBF-001-040/CLBF-001-040_20181023_074400.wav,CLBF-001-040,00:31.1,0.5,1,70.56882962
G:/CLBF/CLBF/2018/01/CLBF-001/CLBF-001-040/CLBF-001-040_20181108_174400.wav,CLBF-001-040,15:48.7,0.5,1,73.78862799
G:/CLBF/CLBF/2018/01/CLBF-001/CLBF-001-041/CLBF-001-041_20180906_071900.wav,CLBF-001-041,28:54.0,0.5,1,70.4477283
G:/CLBF/CLBF/2018/01/CLBF-001/CLBF-001-041/CLBF-001-041_20180906_081900.wav,CLBF-001-041,09:00.9,0.5,1,70.64742174
G:/CLBF/CLBF/2018/01/CLBF-001/CLBF-001-041/CLBF-001-041_20180930_073200.wav,CLBF-001-041,14:47.4,0.5,1,69.35673176
G:/CLBF/CLBF/2018/01/CLBF-001/CLBF-001-041/CLBF-001-041_20180930_073200.wav,CLBF-001-041,17:56.3,0.5,1,69.72856672
G:/CLBF/CLBF/2018/01/CLBF-001/CLBF-001-041/CLBF-001-041_20181016_183100.wav,CLBF-001-041,04:00.3,0.5,1,79.52911963
G:/CLBF/CLBF/2018/01/CLBF-001/CLBF-001-041/CLBF-001-041_20181108_154400.wav,CLBF-001-041,21:11.8,0.5,1,72.35066593
G:/CLBF/CLBF/2018/01/CLBF-001/CLBF-001-041/CLBF-001-041_20181108_154400.wav,CLBF-001-041,26:51.3,0.5,1,74.93184343
G:/CLBF/CLBF/2018/01/CLBF-001/CLBF-001-041/CLBF-001-041_20181124_164400.wav,CLBF-001-041,27:09.4,0.5,1,71.05729892
G:/CLBF/CLBF/2018/01/CLBF-001/CLBF-001-042/CLBF-001-042_20180908_112300.wav,CLBF-001-042,29:07.9,0.5,1,72.04560563
G:/CLBF/CLBF/2018/01/CLBF-001/CLBF-001-042/CLBF-001-042_20181012_102300.wav,CLBF-001-042,19:54.8,0.5,1,72.26626521
G:/CLBF/CLBF/2018/01/CLBF-001/CLBF-001-042/CLBF-001-042_20181109_151600.wav,CLBF-001-042,28:44.1,0.5,1,71.60312272
G:/CLBF/CLBF/2018/01/CLBF-001/CLBF-001-043/CLBF-001-043_20181028_120516.wav,CLBF-001-043,11:34.3,0.5,1,69.09027862
G:/CLBF/CLBF/2018/01/CLBF-001/CLBF-001-044/CLBF-001-044_20181112_162200.wav,CLBF-001-044,04:39.4,0.5,1,70.69203644
G:/CLBF/CLBF/2018/01/CLBF-001/CLBF-001-047/CLBF-001-047_20181020_103800.wav,CLBF-001-047,23:02.6,0.5,1,78.97077249
G:/CLBF/CLBF/2018/01/CLBF-001/CLBF-001-047/CLBF-001-047_20181117_083100.wav,CLBF-001-047,02:32.4,0.5,1,73.67123301
G:/CLBF/CLBF/2018/01/CLBF-001/CLBF-001-048/CLBF-001-048_20180908_102300.wav,CLBF-001-048,11:33.1,0.5,1,69.00671029
G:/CLBF/CLBF/2018/01/CLBF-001/CLBF-001-048/CLBF-001-048_20180908_145300.wav,CLBF-001-048,15:59.0,0.5,1,70.35019603
G:/CLBF/CLBF/2018/01/CLBF-001/CLBF-001-048/CLBF-001-048_20180908_145300.wav,CLBF-001-048,17:03.5,0.5,1,71.36006346
G:/CLBF/CLBF/2018/01/CLBF-001/CLBF-001-048/CLBF-001-048_20180908_145300.wav,CLBF-001-048,17:13.4,0.5,1,69.54210717
G:/CLBF/CLBF/2018/01/CLBF-001/CLBF-001-048/CLBF-001-048_20180908_145300.wav,CLBF-001-048,18:38.4,0.5,1,72.46886744
G:/CLBF/CLBF/2018/01/CLBF-001/CLBF-001-049/CLBF-001-049_20181104_093700.wav,CLBF-001-049,18:29.3,0.5,1,69.28259858
G:/CLBF/CLBF/2018/01/CLBF-001/CLBF-001-049/CLBF-001-049_20181108_154400.wav,CLBF-001-049,26:46.0,0.5,1,72.04042726
G:/CLBF/CLBF/2018/01/CLBF-001/CLBF-001-049/CLBF-001-049_20181124_164400.wav,CLBF-001-049,25:43.9,0.5,1,73.43611101
G:/CLBF/CLBF/2018/01/CLBF-001/CLBF-001-049/CLBF-001-049_20181124_164400.wav,CLBF-001-049,26:59.6,0.5,1,71.05873529
G:/CLBF/CLBF/2018/01/CLBF-001/CLBF-001-051/CLBF-001-051_20181122_171000.wav,CLBF-001-051,17:05.3,0.5,1,76.65749984
G:/CLBF/CLBF/2018/01/CLBF-001/CLBF-001-051/CLBF-001-051_20181122_171000.wav,CLBF-001-051,17:14.7,0.5,1,73.73098843
G:/CLBF/CLBF/2018/01/CLBF-001/CLBF-001-051/CLBF-001-051_20181122_171000.wav,CLBF-001-051,17:30.8,0.5,1,72.45920025
G:/CLBF/CLBF/2018/01/CLBF-001/CLBF-001-052/CLBF-001-052_20180908_095300.wav,CLBF-001-052,15:00.9,0.5,1,71.67041831
G:/CLBF/CLBF/2018/01/CLBF-001/CLBF-001-052/CLBF-001-052_20180908_095300.wav,CLBF-001-052,15:01.8,0.5,1,71.68159227
G:/CLBF/CLBF/2018/01/CLBF-001/CLBF-001-052/CLBF-001-052_20180908_102300.wav,CLBF-001-052,04:54.7,0.5,1,69.22651641
G:/CLBF/CLBF/2018/01/CLBF-001/CLBF-001-052/CLBF-001-052_20180908_102300.wav,CLBF-001-052,04:55.5,0.5,1,72.37764594
G:/CLBF/CLBF/2018/01/CLBF-001/CLBF-001-052/CLBF-001-052_20180908_145300.wav,CLBF-001-052,15:01.9,0.5,1,73.2245819
G:/CLBF/CLBF/2018/01/CLBF-001/CLBF-001-052/CLBF-001-052_20180908_145300.wav,CLBF-001-052,15:07.3,0.5,1,76.62127765
G:/CLBF/CLBF/2018/01/CLBF-001/CLBF-001-052/CLBF-001-052_20180908_145300.wav,CLBF-001-052,15:12.2,0.5,1,74.21810893
G:/CLBF/CLBF/2018/01/CLBF-001/CLBF-001-052/CLBF-001-052_20180908_145300.wav,CLBF-001-052,16:06.4,0.5,1,76.87776744
G:/CLBF/CLBF/2018/01/CLBF-001/CLBF-001-052/CLBF-001-052_20180908_145300.wav,CLBF-001-052,16:16.5,0.5,1,76.71485947
G:/CLBF/CLBF/2018/01/CLBF-001/CLBF-001-052/CLBF-001-052_20180908_145300.wav,CLBF-001-052,17:41.4,0.5,1,77.4575153
G:/CLBF/CLBF/2018/01/CLBF-001/CLBF-001-052/CLBF-001-052_20180922_121700.wav,CLBF-001-052,07:02.8,0.5,1,69.6151305
G:/CLBF/CLBF/2018/01/CLBF-001/CLBF-001-053/CLBF-001-053_20181003_140700.wav,CLBF-001-053,02:26.0,0.5,1,70.5508139
G:/CLBF/CLBF/2018/01/CLBF-001/CLBF-001-053/CLBF-001-053_20181017_080200.wav,CLBF-001-053,01:26.2,0.5,1,69.04509307
G:/CLBF/CLBF/2018/01/CLBF-001/CLBF-001-054/CLBF-001-054_20180918_093216.wav,CLBF-001-054,39:09.6,0.5,1,75.32619552
G:/CLBF/CLBF/2018/01/CLBF-001/CLBF-001-054/CLBF-001-054_20180918_113216.wav,CLBF-001-054,56:18.9,0.5,1,70.35972732
G:/CLBF/CLBF/2018/01/CLBF-001/CLBF-001-054/CLBF-001-054_20180918_123216.wav,CLBF-001-054,13:27.6,0.5,1,73.94831427
G:/CLBF/CLBF/2018/01/CLBF-001/CLBF-001-054/CLBF-001-054_20180919_093217.wav,CLBF-001-054,19:35.3,0.5,1,70.51670852
G:/CLBF/CLBF/2018/01/CLBF-001/CLBF-001-054/CLBF-001-054_20180919_093217.wav,CLBF-001-054,19:39.3,0.5,1,76.59176726
G:/CLBF/CLBF/2018/01/CLBF-001/CLBF-001-054/CLBF-001-054_20180919_093217.wav,CLBF-001-054,19:41.1,0.5,1,73.11343754
G:/CLBF/CLBF/2018/01/CLBF-001/CLBF-001-056/CLBF-001-056_20180915_173137.wav,CLBF-001-056,24:18.7,0.5,1,69.94431301
G:/CLBF/CLBF/2018/01/CLBF-001/CLBF-001-058/CLBF-001-058_20181103_180500.wav,CLBF-001-058,15:31.6,0.5,1,69.14035466
G:/CLBF/CLBF/2018/01/CLBF-001/CLBF-001-058/CLBF-001-058_20181103_180500.wav,CLBF-001-058,15:37.4,0.5,1,69.37908359
G:/CLBF/CLBF/2018/01/CLBF-001/CLBF-001-058/CLBF-001-058_20181103_180500.wav,CLBF-001-058,15:47.9,0.5,1,69.74188741
G:/CLBF/CLBF/2018/01/CLBF-001/CLBF-001-058/CLBF-001-058_20181103_180500.wav,CLBF-001-058,15:55.4,0.5,1,69.55757197
G:/CLBF/CLBF/2018/01/CLBF-001/CLBF-001-058/CLBF-001-058_20181103_180500.wav,CLBF-001-058,17:38.1,0.5,1,74.47461937
G:/CLBF/CLBF/2018/01/CLBF-001/CLBF-001-058/CLBF-001-058_20181117_083100.wav,CLBF-001-058,02:39.3,0.5,1,73.16107916
G:/CLBF/CLBF/2018/01/CLBF-001/CLBF-001-060/CLBF-001-060_20180915_190500.wav,CLBF-001-060,15:34.9,0.5,1,72.42525961
G:/CLBF/CLBF/2018/01/CLBF-001/CLBF-001-060/CLBF-001-060_20181013_072500.wav,CLBF-001-060,04:20.0,0.5,1,69.41561761
G:/CLBF/CLBF/2018/01/CLBF-001/CLBF-001-061/CLBF-001-061_20181013_105500.wav,CLBF-001-061,01:48.8,0.5,1,70.72973598
G:/CLBF/CLBF/2018/01/CLBF-001/CLBF-001-061/CLBF-001-061_20181017_090200.wav,CLBF-001-061,02:59.5,0.5,1,72.76637924
G:/CLBF/CLBF/2018/01/CLBF-001/CLBF-001-063/CLBF-001-063_20181117_103100.wav,CLBF-001-063,13:49.5,0.5,1,70.1891536
G:/CLBF/CLBF/2018/01/CLBF-001/CLBF-001-063/CLBF-001-063_20181117_103100.wav,CLBF-001-063,14:34.0,0.5,1,69.11806221
G:/CLBF/CLBF/2018/01/CLBF-001/CLBF-001-063/CLBF-001-063_20181117_103100.wav,CLBF-001-063,16:28.4,0.5,1,70.55387203
G:/CLBF/CLBF/2018/01/CLBF-001/CLBF-001-066/CLBF-001-066_20180925_175300.wav,CLBF-001-066,00:45.5,0.5,1,69.36458553
G:/CLBF/CLBF/2018/01/CLBF-001/CLBF-001-066/CLBF-001-066_20180929_133000.wav,CLBF-001-066,02:47.7,0.5,1,72.70727432
G:/CLBF/CLBF/2018/01/CLBF-001/CLBF-001-066/CLBF-001-066_20181122_171000.wav,CLBF-001-066,16:56.3,0.5,1,69.22650834
G:/CLBF/CLBF/2018/01/CLBF-001/CLBF-001-067/CLBF-001-067_20181003_130700.wav,CLBF-001-067,13:10.0,0.5,1,71.72268343
G:/CLBF/CLBF/2018/01/CLBF-001/CLBF-001-067/CLBF-001-067_20181017_090200.wav,CLBF-001-067,02:46.7,0.5,1,74.17478033
G:/CLBF/CLBF/2018/01/CLBF-001/CLBF-001-069/CLBF-001-069_20181117_103100.wav,CLBF-001-069,14:16.9,0.5,1,69.43073066
G:/CLBF/CLBF/2018/01/CLBF-001/CLBF-001-069/CLBF-001-069_20181117_103100.wav,CLBF-001-069,15:01.7,0.5,1,69.71322621
G:/CLBF/CLBF/2018/01/CLBF-001/CLBF-001-069/CLBF-001-069_20181117_103100.wav,CLBF-001-069,15:51.1,0.5,1,74.13174561
G:/CLBF/CLBF/2018/01/CLBF-001/CLBF-001-069/CLBF-001-069_20181117_103100.wav,CLBF-001-069,16:56.2,0.5,1,70.78556345
G:/CLBF/CLBF/2018/01/CLBF-001/CLBF-001-072/CLBF-001-072_20181101_120100.wav,CLBF-001-072,00:07.3,0.5,1,71.25017019
G:/CLBF/CLBF/2018/01/CLBF-001/CLBF-001-072/CLBF-001-072_20181119_173500.wav,CLBF-001-072,16:46.2,0.5,1,69.83478404
G:/CLBF/CLBF/2018/01/CLBF-001/CLBF-001-073/CLBF-001-073_20180919_094200.wav,CLBF-001-073,10:31.8,0.5,1,69.51899417
G:/CLBF/CLBF/2018/01/CLBF-001/CLBF-001-073/CLBF-001-073_20181017_080200.wav,CLBF-001-073,01:41.1,0.5,1,70.36880724
G:/CLBF/CLBF/2018/01/CLBF-001/CLBF-001-076/CLBF-001-076_20180908_122300.wav,CLBF-001-076,25:32.0,0.5,1,69.88286958
G:/CLBF/CLBF/2018/01/CLBF-001/CLBF-001-076/CLBF-001-076_20180908_122300.wav,CLBF-001-076,25:32.8,0.5,1,69.52182588
G:/CLBF/CLBF/2018/01/CLBF-001/CLBF-001-076/CLBF-001-076_20181004_173900.wav,CLBF-001-076,07:22.7,0.5,1,73.26066306
G:/CLBF/CLBF/2018/01/CLBF-001/CLBF-001-076/CLBF-001-076_20181004_173900.wav,CLBF-001-076,09:25.6,0.5,1,73.47866037
G:/CLBF/CLBF/2018/01/CLBF-001/CLBF-001-076/CLBF-001-076_20181016_103100.wav,CLBF-001-076,15:16.6,0.5,1,72.83868399
G:/CLBF/CLBF/2018/01/CLBF-001/CLBF-001-076/CLBF-001-076_20181020_123800.wav,CLBF-001-076,21:01.2,0.5,1,73.48613068
G:/CLBF/CLBF/2018/01/CLBF-001/CLBF-001-076/CLBF-001-076_20181020_173800.wav,CLBF-001-076,23:17.9,0.5,1,70.75834059
G:/CLBF/CLBF/2018/01/CLBF-001/CLBF-001-076/CLBF-001-076_20181103_083500.wav,CLBF-001-076,29:27.6,0.5,1,69.45971867
G:/CLBF/CLBF/2018/01/CLBF-001/CLBF-001-076/CLBF-001-076_20181103_090500.wav,CLBF-001-076,28:56.0,0.5,1,75.68487899
G:/CLBF/CLBF/2018/01/CLBF-001/CLBF-001-076/CLBF-001-076_20181117_173100.wav,CLBF-001-076,04:50.4,0.5,1,73.53173784
G:/CLBF/CLBF/2018/01/CLBF-001/CLBF-001-077/CLBF-001-077_20181101_113100.wav,CLBF-001-077,29:34.2,0.5,1,78.92723504
G:/CLBF/CLBF/2018/01/CLBF-001/CLBF-001-077/CLBF-001-077_20181103_083500.wav,CLBF-001-077,29:31.4,0.5,1,71.15409524
G:/CLBF/CLBF/2018/01/CLBF-001/CLBF-001-077/CLBF-001-077_20181103_093500.wav,CLBF-001-077,19:09.9,0.5,1,74.82031105
G:/CLBF/CLBF/2018/01/CLBF-001/CLBF-001-077/CLBF-001-077_20181113_152400.wav,CLBF-001-077,04:48.1,0.5,1,73.75593243
G:/CLBF/CLBF/2018/01/CLBF-001/CLBF-001-077/CLBF-001-077_20181113_152400.wav,CLBF-001-077,10:25.5,0.5,1,73.98541402
G:/CLBF/CLBF/2018/01/CLBF-001/CLBF-001-078/CLBF-001-078_20180908_094706.wav,CLBF-001-078,35:05.9,0.5,1,70.8434015
G:/CLBF/CLBF/2018/01/CLBF-001/CLBF-001-078/CLBF-001-078_20180908_094706.wav,CLBF-001-078,35:07.1,0.5,1,69.55637012
G:/CLBF/CLBF/2018/01/CLBF-001/CLBF-001-078/CLBF-001-078_20180908_094706.wav,CLBF-001-078,42:31.0,0.5,1,70.18156709
G:/CLBF/CLBF/2018/01/CLBF-001/CLBF-001-078/CLBF-001-078_20180908_094706.wav,CLBF-001-078,42:32.3,0.5,1,69.20597226
G:/CLBF/CLBF/2018/01/CLBF-001/CLBF-001-078/CLBF-001-078_20181023_110819.wav,CLBF-001-078,10:21.8,0.5,1,71.40516094
G:/CLBF/CLBF/2018/01/CLBF-001/CLBF-001-079/CLBF-001-079_20180908_075300.wav,CLBF-001-079,00:26.1,0.5,1,78.43570822
G:/CLBF/CLBF/2018/01/CLBF-001/CLBF-001-079/CLBF-001-079_20180908_075300.wav,CLBF-001-079,00:27.1,0.5,1,76.11140517
G:/CLBF/CLBF/2018/01/CLBF-001/CLBF-001-079/CLBF-001-079_20180908_075300.wav,CLBF-001-079,00:28.4,0.5,1,75.46112235
G:/CLBF/CLBF/2018/01/CLBF-001/CLBF-001-079/CLBF-001-079_20180908_092300.wav,CLBF-001-079,06:21.2,0.5,1,69.37947186
G:/CLBF/CLBF/2018/01/CLBF-001/CLBF-001-079/CLBF-001-079_20180908_095300.wav,CLBF-001-079,24:53.5,0.5,1,74.88522702
G:/CLBF/CLBF/2018/01/CLBF-001/CLBF-001-079/CLBF-001-079_20180908_115300.wav,CLBF-001-079,03:49.2,0.5,1,72.98612782
G:/CLBF/CLBF/2018/01/CLBF-001/CLBF-001-079/CLBF-001-079_20180908_122300.wav,CLBF-001-079,26:00.4,0.5,1,71.55784181
G:/CLBF/CLBF/2018/01/CLBF-001/CLBF-001-079/CLBF-001-079_20180908_195300.wav,CLBF-001-079,21:53.6,0.5,1,69.81025313
G:/CLBF/CLBF/2018/01/CLBF-001/CLBF-001-079/CLBF-001-079_20180912_113000.wav,CLBF-001-079,01:13.5,0.5,1,72.29044402
G:/CLBF/CLBF/2018/01/CLBF-001/CLBF-001-079/CLBF-001-079_20180914_093300.wav,CLBF-001-079,02:19.3,0.5,1,70.83909735
G:/CLBF/CLBF/2018/01/CLBF-001/CLBF-001-079/CLBF-001-079_20180914_110300.wav,CLBF-001-079,00:27.8,0.5,1,69.07376785
G:/CLBF/CLBF/2018/01/CLBF-001/CLBF-001-079/CLBF-001-079_20180922_154700.wav,CLBF-001-079,21:08.2,0.5,1,72.34119464
G:/CLBF/CLBF/2018/01/CLBF-001/CLBF-001-079/CLBF-001-079_20181016_093100.wav,CLBF-001-079,05:44.2,0.5,1,71.02814396
G:/CLBF/CLBF/2018/01/CLBF-001/CLBF-001-079/CLBF-001-079_20181016_150100.wav,CLBF-001-079,10:05.4,0.5,1,71.93895988
G:/CLBF/CLBF/2018/01/CLBF-001/CLBF-001-079/CLBF-001-079_20181016_150100.wav,CLBF-001-079,15:23.6,0.5,1,70.45621017
G:/CLBF/CLBF/2018/01/CLBF-001/CLBF-001-079/CLBF-001-079_20181016_150100.wav,CLBF-001-079,17:09.6,0.5,1,69.79893344
G:/CLBF/CLBF/2018/01/CLBF-001/CLBF-001-079/CLBF-001-079_20181020_173800.wav,CLBF-001-079,23:45.9,0.5,1,73.4025561
G:/CLBF/CLBF/2018/01/CLBF-001/CLBF-001-079/CLBF-001-079_20181101_080100.wav,CLBF-001-079,26:58.6,0.5,1,69.42056954
G:/CLBF/CLBF/2018/01/CLBF-001/CLBF-001-079/CLBF-001-079_20181103_090500.wav,CLBF-001-079,29:25.5,0.5,1,74.51781182
G:/CLBF/CLBF/2018/01/CLBF-001/CLBF-001-079/CLBF-001-079_20181113_142400.wav,CLBF-001-079,16:45.1,0.5,1,73.59376257
G:/CLBF/CLBF/2018/01/CLBF-001/CLBF-001-079/CLBF-001-079_20181113_142400.wav,CLBF-001-079,17:03.3,0.5,1,74.24147537
G:/CLBF/CLBF/2018/01/CLBF-001/CLBF-001-079/CLBF-001-079_20181115_162700.wav,CLBF-001-079,12:52.1,0.5,1,69.78040587
G:/CLBF/CLBF/2018/01/CLBF-001/CLBF-001-079/CLBF-001-079_20181119_143500.wav,CLBF-001-079,18:44.2,0.5,1,70.05182992
G:/CLBF/CLBF/2018/01/CLBF-001/CLBF-001-079/CLBF-001-079_20181119_173500.wav,CLBF-001-079,22:50.3,0.5,1,69.66761918
G:/CLBF/CLBF/2018/01/CLBF-001/CLBF-001-080/CLBF-001-080_20180908_195300.wav,CLBF-001-080,04:36.2,0.5,1,70.12408608
G:/CLBF/CLBF/2018/01/CLBF-001/CLBF-001-080/CLBF-001-080_20181004_120900.wav,CLBF-001-080,21:50.7,0.5,1,70.55189807
G:/CLBF/CLBF/2018/01/CLBF-001/CLBF-001-080/CLBF-001-080_20181004_120900.wav,CLBF-001-080,21:51.9,0.5,1,72.46831906
G:/CLBF/CLBF/2018/01/CLBF-001/CLBF-001-080/CLBF-001-080_20181004_120900.wav,CLBF-001-080,21:53.0,0.5,1,69.65049231
G:/CLBF/CLBF/2018/01/CLBF-001/CLBF-001-080/CLBF-001-080_20181006_174200.wav,CLBF-001-080,22:57.2,0.5,1,72.63184505
G:/CLBF/CLBF/2018/01/CLBF-001/CLBF-001-080/CLBF-001-080_20181016_093100.wav,CLBF-001-080,05:33.4,0.5,1,73.06289102
G:/CLBF/CLBF/2018/01/CLBF-001/CLBF-001-080/CLBF-001-080_20181016_093100.wav,CLBF-001-080,06:04.5,0.5,1,74.01333013
G:/CLBF/CLBF/2018/01/CLBF-001/CLBF-001-080/CLBF-001-080_20181101_093100.wav,CLBF-001-080,19:54.5,0.5,1,69.96952355
G:/CLBF/CLBF/2018/01/CLBF-001/CLBF-001-080/CLBF-001-080_20181103_083500.wav,CLBF-001-080,26:45.6,0.5,1,69.84533913
G:/CLBF/CLBF/2018/01/CLBF-001/CLBF-001-080/CLBF-001-080_20181103_083500.wav,CLBF-001-080,26:53.2,0.5,1,73.22554649
G:/CLBF/CLBF/2018/01/CLBF-001/CLBF-001-080/CLBF-001-080_20181103_083500.wav,CLBF-001-080,26:59.6,0.5,1,71.24921343
G:/CLBF/CLBF/2018/01/CLBF-001/CLBF-001-082/CLBF-001-082_20180908_122300.wav,CLBF-001-082,04:08.2,0.5,1,69.70475172
G:/CLBF/CLBF/2018/01/CLBF-001/CLBF-001-082/CLBF-001-082_20180908_122300.wav,CLBF-001-082,04:10.8,0.5,1,72.22520259
G:/CLBF/CLBF/2018/01/CLBF-001/CLBF-001-082/CLBF-001-082_20180908_122300.wav,CLBF-001-082,25:29.3,0.5,1,70.64390106
G:/CLBF/CLBF/2018/01/CLBF-001/CLBF-001-082/CLBF-001-082_20180908_125300.wav,CLBF-001-082,25:17.7,0.5,1,73.85705762
G:/CLBF/CLBF/2018/01/CLBF-001/CLBF-001-082/CLBF-001-082_20180910_162600.wav,CLBF-001-082,05:06.8,0.5,1,73.71294233
G:/CLBF/CLBF/2018/01/CLBF-001/CLBF-001-082/CLBF-001-082_20180910_162600.wav,CLBF-001-082,05:29.4,0.5,1,74.21946308
G:/CLBF/CLBF/2018/01/CLBF-001/CLBF-001-082/CLBF-001-082_20180910_172600.wav,CLBF-001-082,08:23.2,0.5,1,73.40653509
G:/CLBF/CLBF/2018/01/CLBF-001/CLBF-001-082/CLBF-001-082_20180910_172600.wav,CLBF-001-082,10:26.2,0.5,1,71.3789058
G:/CLBF/CLBF/2018/01/CLBF-001/CLBF-001-082/CLBF-001-082_20180910_172600.wav,CLBF-001-082,10:29.8,0.5,1,70.27098518
G:/CLBF/CLBF/2018/01/CLBF-001/CLBF-001-082/CLBF-001-082_20180912_100000.wav,CLBF-001-082,15:52.0,0.5,1,74.09966805
G:/CLBF/CLBF/2018/01/CLBF-001/CLBF-001-082/CLBF-001-082_20180912_103000.wav,CLBF-001-082,16:06.8,0.5,1,70.55309619
G:/CLBF/CLBF/2018/01/CLBF-001/CLBF-001-082/CLBF-001-082_20180912_103000.wav,CLBF-001-082,16:08.7,0.5,1,72.86411899
G:/CLBF/CLBF/2018/01/CLBF-001/CLBF-001-082/CLBF-001-082_20180912_103000.wav,CLBF-001-082,16:17.1,0.5,1,70.90188321
G:/CLBF/CLBF/2018/01/CLBF-001/CLBF-001-082/CLBF-001-082_20180912_103000.wav,CLBF-001-082,16:33.8,0.5,1,73.08235632
G:/CLBF/CLBF/2018/01/CLBF-001/CLBF-001-082/CLBF-001-082_20180914_080300.wav,CLBF-001-082,12:19.6,0.5,1,70.03973193
G:/CLBF/CLBF/2018/01/CLBF-001/CLBF-001-082/CLBF-001-082_20180914_083300.wav,CLBF-001-082,18:47.1,0.5,1,69.38478603
G:/CLBF/CLBF/2018/01/CLBF-001/CLBF-001-082/CLBF-001-082_20180914_083300.wav,CLBF-001-082,18:48.1,0.5,1,69.7633065
G:/CLBF/CLBF/2018/01/CLBF-001/CLBF-001-082/CLBF-001-082_20180914_103300.wav,CLBF-001-082,28:50.1,0.5,1,70.37633098
G:/CLBF/CLBF/2018/01/CLBF-001/CLBF-001-082/CLBF-001-082_20180914_120300.wav,CLBF-001-082,26:51.6,0.5,1,72.05349126
G:/CLBF/CLBF/2018/01/CLBF-001/CLBF-001-082/CLBF-001-082_20180914_120300.wav,CLBF-001-082,26:53.0,0.5,1,71.21904049
G:/CLBF/CLBF/2018/01/CLBF-001/CLBF-001-082/CLBF-001-082_20181101_080100.wav,CLBF-001-082,26:29.1,0.5,1,71.23811335
G:/CLBF/CLBF/2018/01/CLBF-001/CLBF-001-082/CLBF-001-082_20181101_080100.wav,CLBF-001-082,26:51.9,0.5,1,70.92347414
G:/CLBF/CLBF/2018/01/CLBF-001/CLBF-001-082/CLBF-001-082_20181103_090500.wav,CLBF-001-082,28:59.3,0.5,1,71.68350677
G:/CLBF/CLBF/2018/01/CLBF-001/CLBF-001-082/CLBF-001-082_20181103_180500.wav,CLBF-001-082,15:20.2,0.5,1,69.63729924
G:/CLBF/CLBF/2018/01/CLBF-001/CLBF-001-082/CLBF-001-082_20181117_173100.wav,CLBF-001-082,04:52.4,0.5,1,69.51794134
G:/CLBF/CLBF/2018/01/CLBF-001/CLBF-001-083/CLBF-001-083_20180908_065300.wav,CLBF-001-083,11:37.0,0.5,1,74.13751123
G:/CLBF/CLBF/2018/01/CLBF-001/CLBF-001-083/CLBF-001-083_20180908_095300.wav,CLBF-001-083,24:29.2,0.5,1,70.26188733
G:/CLBF/CLBF/2018/01/CLBF-001/CLBF-001-083/CLBF-001-083_20180908_182300.wav,CLBF-001-083,26:41.2,0.5,1,71.66339107
G:/CLBF/CLBF/2018/01/CLBF-001/CLBF-001-083/CLBF-001-083_20181006_091200.wav,CLBF-001-083,16:22.1,0.5,1,69.78291328
G:/CLBF/CLBF/2018/01/CLBF-001/CLBF-001-083/CLBF-001-083_20181024_171600.wav,CLBF-001-083,08:13.7,0.5,1,71.90737813
G:/CLBF/CLBF/2018/01/CLBF-001/CLBF-001-083/CLBF-001-083_20181101_080100.wav,CLBF-001-083,26:55.8,0.5,1,70.00270735
G:/CLBF/CLBF/2018/01/CLBF-001/CLBF-001-083/CLBF-001-083_20181115_162700.wav,CLBF-001-083,12:22.6,0.5,1,76.32769578
G:/CLBF/CLBF/2018/01/CLBF-001/CLBF-001-083/CLBF-001-083_20181115_162700.wav,CLBF-001-083,14:48.6,0.5,1,74.02073431
G:/CLBF/CLBF/2018/01/CLBF-001/CLBF-001-084/CLBF-001-084_20180908_102300.wav,CLBF-001-084,00:34.8,0.5,1,69.2653379
G:/CLBF/CLBF/2018/01/CLBF-001/CLBF-001-084/CLBF-001-084_20181028_135300.wav,CLBF-001-084,16:41.9,0.5,1,70.72358086
G:/CLBF/CLBF/2018/01/CLBF-001/CLBF-001-084/CLBF-001-084_20181028_135300.wav,CLBF-001-084,16:52.2,0.5,1,74.86942655
G:/CLBF/CLBF/2018/01/CLBF-001/CLBF-001-084/CLBF-001-084_20181028_135300.wav,CLBF-001-084,16:57.7,0.5,1,73.67214141
G:/CLBF/CLBF/2018/01/CLBF-001/CLBF-001-084/CLBF-001-084_20181028_135300.wav,CLBF-001-084,20:44.6,0.5,1,75.16025411
G:/CLBF/CLBF/2018/01/CLBF-001/CLBF-001-084/CLBF-001-084_20181028_135300.wav,CLBF-001-084,21:32.5,0.5,1,74.81570362
G:/CLBF/CLBF/2018/01/CLBF-001/CLBF-001-084/CLBF-001-084_20181028_135300.wav,CLBF-001-084,27:45.8,0.5,1,74.41628003
G:/CLBF/CLBF/2018/01/CLBF-001/CLBF-001-084/CLBF-001-084_20181028_135300.wav,CLBF-001-084,27:58.4,0.5,1,77.09711084
G:/CLBF/CLBF/2018/01/CLBF-001/CLBF-001-084/CLBF-001-084_20181028_142300.wav,CLBF-001-084,00:13.1,0.5,1,72.96655935
G:/CLBF/CLBF/2018/01/CLBF-001/CLBF-001-084/CLBF-001-084_20181028_142300.wav,CLBF-001-084,00:25.4,0.5,1,69.42741546
G:/CLBF/CLBF/2018/01/CLBF-001/CLBF-001-084/CLBF-001-084_20181028_142300.wav,CLBF-001-084,00:37.4,0.5,1,71.93886326
G:/CLBF/CLBF/2018/01/CLBF-001/CLBF-001-084/CLBF-001-084_20181028_142300.wav,CLBF-001-084,05:01.0,0.5,1,74.41447999
G:/CLBF/CLBF/2018/01/CLBF-001/CLBF-001-084/CLBF-001-084_20181028_142300.wav,CLBF-001-084,05:22.5,0.5,1,74.62545079
G:/CLBF/CLBF/2018/01/CLBF-001/CLBF-001-084/CLBF-001-084_20181028_142300.wav,CLBF-001-084,10:16.2,0.5,1,73.98799978
G:/CLBF/CLBF/2018/01/CLBF-001/CLBF-001-084/CLBF-001-084_20181028_142300.wav,CLBF-001-084,10:26.1,0.5,1,80.65721135
G:/CLBF/CLBF/2018/01/CLBF-001/CLBF-001-084/CLBF-001-084_20181028_142300.wav,CLBF-001-084,16:08.6,0.5,1,71.21378326
G:/CLBF/CLBF/2018/01/CLBF-001/CLBF-001-084/CLBF-001-084_20181028_142300.wav,CLBF-001-084,16:40.9,0.5,1,74.00298238
G:/CLBF/CLBF/2018/01/CLBF-001/CLBF-001-084/CLBF-001-084_20181028_142300.wav,CLBF-001-084,20:05.4,0.5,1,70.93864416
G:/CLBF/CLBF/2018/01/CLBF-001/CLBF-001-084/CLBF-001-084_20181028_142300.wav,CLBF-001-084,20:19.0,0.5,1,75.32829335
G:/CLBF/CLBF/2018/01/CLBF-001/CLBF-001-084/CLBF-001-084_20181028_142300.wav,CLBF-001-084,24:23.8,0.5,1,71.26548169
G:/CLBF/CLBF/2018/01/CLBF-001/CLBF-001-084/CLBF-001-084_20181028_142300.wav,CLBF-001-084,24:43.3,0.5,1,74.81174115
G:/CLBF/CLBF/2018/01/CLBF-001/CLBF-001-084/CLBF-001-084_20181101_093100.wav,CLBF-001-084,27:24.0,0.5,1,71.31729032
G:/CLBF/CLBF/2018/01/CLBF-001/CLBF-001-084/CLBF-001-084_20181103_083500.wav,CLBF-001-084,26:35.0,0.5,1,79.50687455
G:/CLBF/CLBF/2018/01/CLBF-001/CLBF-001-084/CLBF-001-084_20181103_083500.wav,CLBF-001-084,26:42.3,0.5,1,76.96485961
G:/CLBF/CLBF/2018/01/CLBF-001/CLBF-001-084/CLBF-001-084_20181103_083500.wav,CLBF-001-084,26:48.6,0.5,1,75.15499832
G:/CLBF/CLBF/2018/01/CLBF-001/CLBF-001-085/CLBF-001-085_20180910_135600.wav,CLBF-001-085,20:01.6,0.5,1,69.01456109
G:/CLBF/CLBF/2018/01/CLBF-001/CLBF-001-085/CLBF-001-085_20180910_135600.wav,CLBF-001-085,20:04.8,0.5,1,71.01574202
G:/CLBF/CLBF/2018/01/CLBF-001/CLBF-001-085/CLBF-001-085_20180914_083300.wav,CLBF-001-085,19:05.3,0.5,1,69.40582074
G:/CLBF/CLBF/2018/01/CLBF-001/CLBF-001-085/CLBF-001-085_20180914_083300.wav,CLBF-001-085,19:06.3,0.5,1,69.88608708
G:/CLBF/CLBF/2018/01/CLBF-001/CLBF-001-085/CLBF-001-085_20180914_120300.wav,CLBF-001-085,27:10.8,0.5,1,77.73665452
G:/CLBF/CLBF/2018/01/CLBF-001/CLBF-001-085/CLBF-001-085_20181103_090500.wav,CLBF-001-085,29:15.8,0.5,1,75.55180931
G:/CLBF/CLBF/2018/01/CLBF-001/CLBF-001-085/CLBF-001-085_20181121_173800.wav,CLBF-001-085,17:59.6,0.5,1,70.16027212
G:/CLBF/CLBF/2018/01/CLBF-001/CLBF-001-086/CLBF-001-086_20180908_115300.wav,CLBF-001-086,03:32.2,0.5,1,75.81637208
G:/CLBF/CLBF/2018/01/CLBF-001/CLBF-001-086/CLBF-001-086_20180908_182300.wav,CLBF-001-086,26:47.2,0.5,1,70.83212492
G:/CLBF/CLBF/2018/01/CLBF-001/CLBF-001-086/CLBF-001-086_20180912_113000.wav,CLBF-001-086,00:52.6,0.5,1,78.02338098
G:/CLBF/CLBF/2018/01/CLBF-001/CLBF-001-086/CLBF-001-086_20180912_113000.wav,CLBF-001-086,01:02.8,0.5,1,72.98076453
G:/CLBF/CLBF/2018/01/CLBF-001/CLBF-001-086/CLBF-001-086_20180912_113000.wav,CLBF-001-086,01:03.4,0.5,1,74.63233495
G:/CLBF/CLBF/2018/01/CLBF-001/CLBF-001-086/CLBF-001-086_20180912_113000.wav,CLBF-001-086,20:28.8,0.5,1,69.32559637
G:/CLBF/CLBF/2018/01/CLBF-001/CLBF-001-086/CLBF-001-086_20180914_083300.wav,CLBF-001-086,18:56.1,0.5,1,71.32427765
G:/CLBF/CLBF/2018/01/CLBF-001/CLBF-001-086/CLBF-001-086_20180914_110300.wav,CLBF-001-086,00:12.4,0.5,1,69.22886289
G:/CLBF/CLBF/2018/01/CLBF-001/CLBF-001-086/CLBF-001-086_20180914_110300.wav,CLBF-001-086,00:13.5,0.5,1,73.3134261
G:/CLBF/CLBF/2018/01/CLBF-001/CLBF-001-086/CLBF-001-086_20181004_183900.wav,CLBF-001-086,19:56.8,0.5,1,69.74458414
G:/CLBF/CLBF/2018/01/CLBF-001/CLBF-001-086/CLBF-001-086_20181022_171200.wav,CLBF-001-086,13:16.2,0.5,1,71.99214221
G:/CLBF/CLBF/2018/01/CLBF-001/CLBF-001-086/CLBF-001-086_20181103_090500.wav,CLBF-001-086,29:09.8,0.5,1,69.90448868
G:/CLBF/CLBF/2018/01/CLBF-001/CLBF-001-086/CLBF-001-086_20181129_085200.wav,CLBF-001-086,19:19.2,0.5,1,72.15487173
G:/CLBF/CLBF/2018/01/CLBF-001/CLBF-001-087/CLBF-001-087_20180908_195300.wav,CLBF-001-087,04:18.2,0.5,1,69.49165704
G:/CLBF/CLBF/2018/01/CLBF-001/CLBF-001-087/CLBF-001-087_20181101_093100.wav,CLBF-001-087,19:26.1,0.5,1,70.03708851
G:/CLBF/CLBF/2018/01/CLBF-001/CLBF-001-087/CLBF-001-087_20181101_093100.wav,CLBF-001-087,19:34.4,0.5,1,75.81544448
G:/CLBF/CLBF/2018/01/CLBF-001/CLBF-001-087/CLBF-001-087_20181101_093100.wav,CLBF-001-087,27:10.2,0.5,1,74.02837551
G:/CLBF/CLBF/2018/01/CLBF-001/CLBF-001-087/CLBF-001-087_20181101_093100.wav,CLBF-001-087,27:18.0,0.5,1,76.21270877
G:/CLBF/CLBF/2018/01/CLBF-001/CLBF-001-087/CLBF-001-087_20181129_172200.wav,CLBF-001-087,17:20.7,0.5,1,70.37019093
G:/CLBF/CLBF/2018/01/CLBF-001/CLBF-001-088/CLBF-001-088_20180914_083300.wav,CLBF-001-088,10:29.3,0.5,1,74.7768867
G:/CLBF/CLBF/2018/01/CLBF-001/CLBF-001-088/CLBF-001-088_20180922_064700.wav,CLBF-001-088,06:49.0,0.5,1,71.73640194
G:/CLBF/CLBF/2018/01/CLBF-001/CLBF-001-088/CLBF-001-088_20180922_064700.wav,CLBF-001-088,06:50.4,0.5,1,69.44288856
G:/CLBF/CLBF/2018/01/CLBF-001/CLBF-001-088/CLBF-001-088_20181117_173100.wav,CLBF-001-088,05:01.0,0.5,1,69.06105853
G:/CLBF/CLBF/2018/01/CLBF-001/CLBF-001-088/CLBF-001-088_20181121_173800.wav,CLBF-001-088,17:48.9,0.5,1,72.73875899
G:/CLBF/CLBF/2018/01/CLBF-001/CLBF-001-089/CLBF-001-089_20180908_065300.wav,CLBF-001-089,11:52.3,0.5,1,71.72588803
G:/CLBF/CLBF/2018/01/CLBF-001/CLBF-001-089/CLBF-001-089_20180908_065300.wav,CLBF-001-089,16:08.7,0.5,1,69.46084582
G:/CLBF/CLBF/2018/01/CLBF-001/CLBF-001-089/CLBF-001-089_20180908_065300.wav,CLBF-001-089,20:27.4,0.5,1,72.23566695
G:/CLBF/CLBF/2018/01/CLBF-001/CLBF-001-089/CLBF-001-089_20180908_065300.wav,CLBF-001-089,24:09.9,0.5,1,72.1878703
G:/CLBF/CLBF/2018/01/CLBF-001/CLBF-001-089/CLBF-001-089_20180908_065300.wav,CLBF-001-089,27:53.4,0.5,1,71.13925798
G:/CLBF/CLBF/2018/01/CLBF-001/CLBF-001-089/CLBF-001-089_20181022_171200.wav,CLBF-001-089,13:23.5,0.5,1,71.97500423
G:/CLBF/CLBF/2018/01/CLBF-001/CLBF-001-089/CLBF-001-089_20181115_112700.wav,CLBF-001-089,14:01.4,0.5,1,70.01463216
G:/CLBF/CLBF/2018/01/CLBF-001/CLBF-001-091/CLBF-001-091_20180910_142600.wav,CLBF-001-091,24:42.0,0.5,1,71.3615371
G:/CLBF/CLBF/2018/01/CLBF-001/CLBF-001-091/CLBF-001-091_20181006_191200.wav,CLBF-001-091,13:48.6,0.5,1,70.56031139
G:/CLBF/CLBF/2018/01/CLBF-001/CLBF-001-091/CLBF-001-091_20181121_173800.wav,CLBF-001-091,17:43.6,0.5,1,70.32365031
G:/CLBF/CLBF/2018/01/CLBF-001/CLBF-001-092/CLBF-001-092_20180908_095300.wav,CLBF-001-092,23:34.6,0.5,1,71.04968151
G:/CLBF/CLBF/2018/01/CLBF-001/CLBF-001-092/CLBF-001-092_20180914_140300.wav,CLBF-001-092,06:31.7,0.5,1,69.64654038
G:/CLBF/CLBF/2018/01/CLBF-001/CLBF-001-092/CLBF-001-092_20180914_193300.wav,CLBF-001-092,22:28.5,0.5,1,72.53901759
G:/CLBF/CLBF/2018/01/CLBF-001/CLBF-001-092/CLBF-001-092_20181105_180800.wav,CLBF-001-092,14:41.1,0.5,1,69.03062237
G:/CLBF/CLBF/2018/01/CLBF-001/CLBF-001-092/CLBF-001-092_20181113_105400.wav,CLBF-001-092,15:21.2,0.5,1,70.9862236
G:/CLBF/CLBF/2018/01/CLBF-001/CLBF-001-092/CLBF-001-092_20181113_105400.wav,CLBF-001-092,17:14.4,0.5,1,73.7515593
G:/CLBF/CLBF/2018/01/CLBF-001/CLBF-001-092/CLBF-001-092_20181113_105400.wav,CLBF-001-092,18:18.4,0.5,1,72.14237993
G:/CLBF/CLBF/2018/01/CLBF-001/CLBF-001-092/CLBF-001-092_20181113_105400.wav,CLBF-001-092,19:50.4,0.5,1,71.61568519
G:/CLBF/CLBF/2018/01/CLBF-001/CLBF-001-092/CLBF-001-092_20181113_105400.wav,CLBF-001-092,20:09.5,0.5,1,72.40906501
G:/CLBF/CLBF/2018/01/CLBF-001/CLBF-001-092/CLBF-001-092_20181113_105400.wav,CLBF-001-092,27:17.3,0.5,1,73.45916019
G:/CLBF/CLBF/2018/01/CLBF-001/CLBF-001-092/CLBF-001-092_20181113_112400.wav,CLBF-001-092,03:34.3,0.5,1,71.43193582
G:/CLBF/CLBF/2018/01/CLBF-001/CLBF-001-092/CLBF-001-092_20181113_112400.wav,CLBF-001-092,03:49.0,0.5,1,71.8930895
G:/CLBF/CLBF/2018/01/CLBF-001/CLBF-001-092/CLBF-001-092_20181113_112400.wav,CLBF-001-092,04:39.0,0.5,1,69.95424265
G:/CLBF/CLBF/2018/01/CLBF-001/CLBF-001-092/CLBF-001-092_20181113_112400.wav,CLBF-001-092,09:00.6,0.5,1,70.61071444
G:/CLBF/CLBF/2018/01/CLBF-001/CLBF-001-092/CLBF-001-092_20181113_112400.wav,CLBF-001-092,09:14.7,0.5,1,70.98265427
G:/CLBF/CLBF/2018/01/CLBF-001/CLBF-001-092/CLBF-001-092_20181113_112400.wav,CLBF-001-092,10:42.0,0.5,1,71.18533155
G:/CLBF/CLBF/2018/01/CLBF-001/CLBF-001-092/CLBF-001-092_20181129_085200.wav,CLBF-001-092,20:19.3,0.5,1,72.27065866
G:/CLBF/CLBF/2018/01/CLBF-001/CLBF-001-093/CLBF-001-093_20180908_195300.wav,CLBF-001-093,04:21.2,0.5,1,69.41329533
G:/CLBF/CLBF/2018/01/CLBF-001/CLBF-001-093/CLBF-001-093_20181105_180800.wav,CLBF-001-093,13:34.9,0.5,1,71.57181646
G:/CLBF/CLBF/2018/01/CLBF-001/CLBF-001-093/CLBF-001-093_20181113_105400.wav,CLBF-001-093,21:31.1,0.5,1,70.35299674
G:/CLBF/CLBF/2018/01/CLBF-001/CLBF-001-093/CLBF-001-093_20181113_105400.wav,CLBF-001-093,22:11.5,0.5,1,70.84238114
G:/CLBF/CLBF/2018/01/CLBF-001/CLBF-001-093/CLBF-001-093_20181113_112400.wav,CLBF-001-093,02:42.3,0.5,1,70.67668572
G:/CLBF/CLBF/2018/01/CLBF-001/CLBF-001-093/CLBF-001-093_20181119_173500.wav,CLBF-001-093,19:37.9,0.5,1,74.1120903
G:/CLBF/CLBF/2018/01/CLBF-001/CLBF-001-093/CLBF-001-093_20181119_173500.wav,CLBF-001-093,22:18.5,0.5,1,70.05102442
G:/CLBF/CLBF/2018/01/CLBF-001/CLBF-001-093/CLBF-001-093_20181121_173800.wav,CLBF-001-093,20:28.3,0.5,1,69.90790896
G:/CLBF/CLBF/2018/01/CLBF-001/CLBF-001-096/CLBF-001-096_20180912_193000.wav,CLBF-001-096,23:16.3,0.5,1,70.27602068
G:/CLBF/CLBF/2018/01/CLBF-001/CLBF-001-096/CLBF-001-096_20180912_193000.wav,CLBF-001-096,24:00.6,0.5,1,72.41580839
G:/CLBF/CLBF/2018/01/CLBF-001/CLBF-001-096/CLBF-001-096_20181022_114200.wav,CLBF-001-096,06:59.1,0.5,1,69.58927728
G:/CLBF/CLBF/2018/01/CLBF-001/CLBF-001-096/CLBF-001-096_20181103_080500.wav,CLBF-001-096,26:37.0,0.5,1,73.23660427
G:/CLBF/CLBF/2018/01/CLBF-001/CLBF-001-096/CLBF-001-096_20181103_080500.wav,CLBF-001-096,26:47.2,0.5,1,74.58502577
G:/CLBF/CLBF/2018/01/CLBF-001/CLBF-001-096/CLBF-001-096_20181103_080500.wav,CLBF-001-096,26:58.2,0.5,1,70.31391427
G:/CLBF/CLBF/2018/01/CLBF-001/CLBF-001-096/CLBF-001-096_20181109_101600.wav,CLBF-001-096,27:48.9,0.5,1,69.27048211
G:/CLBF/CLBF/2018/01/CLBF-001/CLBF-001-096/CLBF-001-096_20181109_101600.wav,CLBF-001-096,28:01.3,0.5,1,69.50495567
G:/CLBF/CLBF/2018/01/CLBF-001/CLBF-001-096/CLBF-001-096_20181119_110500.wav,CLBF-001-096,06:30.6,0.5,1,70.80113046
G:/CLBF/CLBF/2018/01/CLBF-001/CLBF-001-097/CLBF-001-097_20180914_104846.wav,CLBF-001-097,10:07.1,0.5,1,69.17290334
G:/CLBF/CLBF/2018/01/CLBF-001/CLBF-001-097/CLBF-001-097_20181027_092428.wav,CLBF-001-097,38:55.7,0.5,1,72.19524694
G:/CLBF/CLBF/2018/01/CLBF-001/CLBF-001-097/CLBF-001-097_20181027_092428.wav,CLBF-001-097,38:56.6,0.5,1,77.0763223
G:/CLBF/CLBF/2018/01/CLBF-001/CLBF-001-097/CLBF-001-097_20181028_112429.wav,CLBF-001-097,39:19.7,0.5,1,73.42218395
G:/CLBF/CLBF/2018/01/CLBF-001/CLBF-001-097/CLBF-001-097_20181028_112429.wav,CLBF-001-097,40:44.3,0.5,1,80.56132575
G:/CLBF/CLBF/2018/01/CLBF-001/CLBF-001-097/CLBF-001-097_20181028_112429.wav,CLBF-001-097,56:25.8,0.5,1,74.95430021
G:/CLBF/CLBF/2018/01/CLBF-001/CLBF-001-097/CLBF-001-097_20181028_122429.wav,CLBF-001-097,02:05.9,0.5,1,76.01838671
G:/CLBF/CLBF/2018/01/CLBF-001/CLBF-001-097/CLBF-001-097_20181028_122429.wav,CLBF-001-097,11:27.5,0.5,1,78.67590012
G:/CLBF/CLBF/2018/01/CLBF-001/CLBF-001-097/CLBF-001-097_20181103_082435.wav,CLBF-001-097,06:16.2,0.5,1,71.55979717
G:/CLBF/CLBF/2018/01/CLBF-001/CLBF-001-098/CLBF-001-098_20180928_152800.wav,CLBF-001-098,01:46.6,0.5,1,69.28888741
G:/CLBF/CLBF/2018/01/CLBF-001/CLBF-001-098/CLBF-001-098_20180928_192800.wav,CLBF-001-098,10:10.1,0.5,1,70.12974566
G:/CLBF/CLBF/2018/01/CLBF-001/CLBF-001-098/CLBF-001-098_20181002_160500.wav,CLBF-001-098,29:19.1,0.5,1,69.24794858
G:/CLBF/CLBF/2018/01/CLBF-001/CLBF-001-098/CLBF-001-098_20181016_183100.wav,CLBF-001-098,23:14.7,0.5,1,72.60533994
G:/CLBF/CLBF/2018/01/CLBF-001/CLBF-001-098/CLBF-001-098_20181108_174400.wav,CLBF-001-098,16:09.7,0.5,1,71.64195589
