"Filename","Station","TimeOffset","Duration","Positive","RSL"
"P:/CLBF/CLBF/2018/01/CLBF-001/CLBF-001-001/CLBF-001-001_20180904_101600.wav","CLBF-001-001","00:22:31.600",0.5,1,33.9040251335087
"P:/CLBF/CLBF/2018/01/CLBF-001/CLBF-001-001/CLBF-001-001_20180904_101600.wav","CLBF-001-001","00:22:33.200",0.5,1,37.7118359001981
"P:/CLBF/CLBF/2018/01/CLBF-001/CLBF-001-001/CLBF-001-001_20181006_144200.wav","CLBF-001-001","00:12:52.800",0.5,1,25.3984339576273
"P:/CLBF/CLBF/2018/01/CLBF-001/CLBF-001-001/CLBF-001-001_20181006_144200.wav","CLBF-001-001","00:20:22.500",0.5,1,31.7116829371039
"P:/CLBF/CLBF/2018/01/CLBF-001/CLBF-001-001/CLBF-001-001_20181112_155200.wav","CLBF-001-001","00:02:04.500",0.5,1,52.7514033139866
"P:/CLBF/CLBF/2018/01/CLBF-001/CLBF-001-001/CLBF-001-001_20181112_155200.wav","CLBF-001-001","00:03:50.500",0.5,1,43.994130979214
"P:/CLBF/CLBF/2018/01/CLBF-001/CLBF-001-001/CLBF-001-001_20181112_155200.wav","CLBF-001-001","00:05:17.000",0.5,1,35.0837045522963
"P:/CLBF/CLBF/2018/01/CLBF-001/CLBF-001-001/CLBF-001-001_20181112_155200.wav","CLBF-001-001","00:05:30.000",0.5,1,45.0563588252083
"P:/CLBF/CLBF/2018/01/CLBF-001/CLBF-001-001/CLBF-001-001_20181112_155200.wav","CLBF-001-001","00:05:45.500",0.5,1,49.9516245884237
"P:/CLBF/CLBF/2018/01/CLBF-001/CLBF-001-001/CLBF-001-001_20181112_155200.wav","CLBF-001-001","00:05:49.400",0.5,1,46.9009823895372
"P:/CLBF/CLBF/2018/01/CLBF-001/CLBF-001-001/CLBF-001-001_20181112_155200.wav","CLBF-001-001","00:06:07.000",0.5,1,36.8266023596081
"P:/CLBF/CLBF/2018/01/CLBF-001/CLBF-001-001/CLBF-001-001_20181112_155200.wav","CLBF-001-001","00:06:57.100",0.5,1,34.4260064252828
"P:/CLBF/CLBF/2018/01/CLBF-001/CLBF-001-001/CLBF-001-001_20181112_155200.wav","CLBF-001-001","00:07:50.500",0.5,1,40.7194718137263
"P:/CLBF/CLBF/2018/01/CLBF-001/CLBF-001-001/CLBF-001-001_20181112_155200.wav","CLBF-001-001","00:07:54.000",0.5,1,34.4715846451032
"P:/CLBF/CLBF/2018/01/CLBF-001/CLBF-001-001/CLBF-001-001_20181112_155200.wav","CLBF-001-001","00:11:19.500",0.5,1,45.8385054315288
"P:/CLBF/CLBF/2018/01/CLBF-001/CLBF-001-001/CLBF-001-001_20181112_155200.wav","CLBF-001-001","00:12:26.500",0.5,1,50.1849234182966
"P:/CLBF/CLBF/2018/01/CLBF-001/CLBF-001-001/CLBF-001-001_20181112_155200.wav","CLBF-001-001","00:14:02.200",0.5,1,29.4673501417202
"P:/CLBF/CLBF/2018/01/CLBF-001/CLBF-001-001/CLBF-001-001_20181112_155200.wav","CLBF-001-001","00:14:29.500",0.5,1,44.2481912912598
"P:/CLBF/CLBF/2018/01/CLBF-001/CLBF-001-001/CLBF-001-001_20181112_155200.wav","CLBF-001-001","00:26:44.500",0.5,1,42.6030920653868
"P:/CLBF/CLBF/2018/01/CLBF-001/CLBF-001-001/CLBF-001-001_20181112_155200.wav","CLBF-001-001","00:26:45.000",0.5,1,40.8541346081276
"P:/CLBF/CLBF/2018/01/CLBF-001/CLBF-001-001/CLBF-001-001_20181112_155200.wav","CLBF-001-001","00:27:59.000",0.5,1,40.353601275244
"P:/CLBF/CLBF/2018/01/CLBF-001/CLBF-001-002/CLBF-001-002_20180930_083200.wav","CLBF-001-002","00:04:31.100",0.5,1,37.7718597363043
"P:/CLBF/CLBF/2018/01/CLBF-001/CLBF-001-002/CLBF-001-002_20180930_083200.wav","CLBF-001-002","00:04:32.000",0.5,1,40.2190740876551
"P:/CLBF/CLBF/2018/01/CLBF-001/CLBF-001-002/CLBF-001-002_20180930_083200.wav","CLBF-001-002","00:12:12.400",0.5,1,35.8616963532531
"P:/CLBF/CLBF/2018/01/CLBF-001/CLBF-001-003/CLBF-001-003_20180928_115800.wav","CLBF-001-003","00:11:34.600",0.5,1,23.6253084882769
"P:/CLBF/CLBF/2018/01/CLBF-001/CLBF-001-003/CLBF-001-003_20180930_150200.wav","CLBF-001-003","00:24:46.000",0.5,1,47.052438360425
"P:/CLBF/CLBF/2018/01/CLBF-001/CLBF-001-003/CLBF-001-003_20181002_180500.wav","CLBF-001-003","00:15:49.500",0.5,1,34.4810045725078
"P:/CLBF/CLBF/2018/01/CLBF-001/CLBF-001-003/CLBF-001-003_20181002_180500.wav","CLBF-001-003","00:15:50.300",0.5,1,34.9616614212807
"P:/CLBF/CLBF/2018/01/CLBF-001/CLBF-001-003/CLBF-001-003_20181002_180500.wav","CLBF-001-003","00:15:51.400",0.5,1,33.7017218044854
"P:/CLBF/CLBF/2018/01/CLBF-001/CLBF-001-003/CLBF-001-003_20181004_140900.wav","CLBF-001-003","00:04:10.100",0.5,1,54.9206309781951
"P:/CLBF/CLBF/2018/01/CLBF-001/CLBF-001-007/CLBF-001-007_20181113_165400.wav","CLBF-001-007","00:03:18.000",0.5,1,56.3091511001626
"P:/CLBF/CLBF/2018/01/CLBF-001/CLBF-001-007/CLBF-001-007_20181113_165400.wav","CLBF-001-007","00:04:06.800",0.5,1,50.6616675013789
"P:/CLBF/CLBF/2018/01/CLBF-001/CLBF-001-007/CLBF-001-007_20181113_165400.wav","CLBF-001-007","00:05:28.500",0.5,1,54.4634933894095
"P:/CLBF/CLBF/2018/01/CLBF-001/CLBF-001-007/CLBF-001-007_20181113_165400.wav","CLBF-001-007","00:06:32.600",0.5,1,55.3724344873267
"P:/CLBF/CLBF/2018/01/CLBF-001/CLBF-001-007/CLBF-001-007_20181113_165400.wav","CLBF-001-007","00:07:34.200",0.5,1,58.9304815204498
"P:/CLBF/CLBF/2018/01/CLBF-001/CLBF-001-007/CLBF-001-007_20181113_165400.wav","CLBF-001-007","00:08:13.100",0.5,1,64.716962937517
"P:/CLBF/CLBF/2018/01/CLBF-001/CLBF-001-007/CLBF-001-007_20181113_165400.wav","CLBF-001-007","00:10:44.800",0.5,1,55.2725648321651
"P:/CLBF/CLBF/2018/01/CLBF-001/CLBF-001-007/CLBF-001-007_20181113_165400.wav","CLBF-001-007","00:12:47.500",0.5,1,55.2097209966646
"P:/CLBF/CLBF/2018/01/CLBF-001/CLBF-001-007/CLBF-001-007_20181113_165400.wav","CLBF-001-007","00:14:48.600",0.5,1,59.2994181186733
"P:/CLBF/CLBF/2018/01/CLBF-001/CLBF-001-007/CLBF-001-007_20181113_165400.wav","CLBF-001-007","00:15:36.600",0.5,1,54.7746771367114
"P:/CLBF/CLBF/2018/01/CLBF-001/CLBF-001-007/CLBF-001-007_20181113_165400.wav","CLBF-001-007","00:17:10.600",0.5,1,28.6388766946008
"P:/CLBF/CLBF/2018/01/CLBF-001/CLBF-001-007/CLBF-001-007_20181113_165400.wav","CLBF-001-007","00:17:37.500",0.5,1,58.8495912248505
"P:/CLBF/CLBF/2018/01/CLBF-001/CLBF-001-007/CLBF-001-007_20181113_165400.wav","CLBF-001-007","00:19:17.900",0.5,1,58.6187549489034
"P:/CLBF/CLBF/2018/01/CLBF-001/CLBF-001-007/CLBF-001-007_20181113_165400.wav","CLBF-001-007","00:24:10.700",0.5,1,64.2163553825044
"P:/CLBF/CLBF/2018/01/CLBF-001/CLBF-001-007/CLBF-001-007_20181113_165400.wav","CLBF-001-007","00:25:35.800",0.5,1,60.7477470868376
"P:/CLBF/CLBF/2018/01/CLBF-001/CLBF-001-008/CLBF-001-008_20181108_134400.wav","CLBF-001-008","00:00:07.800",0.5,1,45.5522670681992
"P:/CLBF/CLBF/2018/01/CLBF-001/CLBF-001-008/CLBF-001-008_20181108_134400.wav","CLBF-001-008","00:01:03.300",0.5,1,49.3937319447206
"P:/CLBF/CLBF/2018/01/CLBF-001/CLBF-001-008/CLBF-001-008_20181108_134400.wav","CLBF-001-008","00:05:56.200",0.5,1,40.4268193541885
"P:/CLBF/CLBF/2018/01/CLBF-001/CLBF-001-008/CLBF-001-008_20181108_134400.wav","CLBF-001-008","00:06:29.500",0.5,1,42.231713569403
"P:/CLBF/CLBF/2018/01/CLBF-001/CLBF-001-008/CLBF-001-008_20181108_134400.wav","CLBF-001-008","00:06:50.000",0.5,1,48.592079558995
"P:/CLBF/CLBF/2018/01/CLBF-001/CLBF-001-008/CLBF-001-008_20181108_134400.wav","CLBF-001-008","00:10:47.600",0.5,1,52.0146280620447
"P:/CLBF/CLBF/2018/01/CLBF-001/CLBF-001-008/CLBF-001-008_20181108_134400.wav","CLBF-001-008","00:11:16.000",0.5,1,45.4839630806732
"P:/CLBF/CLBF/2018/01/CLBF-001/CLBF-001-008/CLBF-001-008_20181108_134400.wav","CLBF-001-008","00:11:41.300",0.5,1,48.6961590802169
"P:/CLBF/CLBF/2018/01/CLBF-001/CLBF-001-008/CLBF-001-008_20181108_134400.wav","CLBF-001-008","00:16:20.500",0.5,1,47.980716108763
"P:/CLBF/CLBF/2018/01/CLBF-001/CLBF-001-008/CLBF-001-008_20181108_134400.wav","CLBF-001-008","00:16:44.200",0.5,1,51.3409170469258
"P:/CLBF/CLBF/2018/01/CLBF-001/CLBF-001-008/CLBF-001-008_20181108_134400.wav","CLBF-001-008","00:17:13.700",0.5,1,51.3517029833478
"P:/CLBF/CLBF/2018/01/CLBF-001/CLBF-001-008/CLBF-001-008_20181108_134400.wav","CLBF-001-008","00:26:29.300",0.5,1,41.0391837620213
"P:/CLBF/CLBF/2018/01/CLBF-001/CLBF-001-008/CLBF-001-008_20181108_134400.wav","CLBF-001-008","00:26:49.500",0.5,1,45.1054071595784
"P:/CLBF/CLBF/2018/01/CLBF-001/CLBF-001-008/CLBF-001-008_20181108_134400.wav","CLBF-001-008","00:27:07.200",0.5,1,43.2887220508876
"P:/CLBF/CLBF/2018/01/CLBF-001/CLBF-001-011/CLBF-001-011_20181001_123300.wav","CLBF-001-011","00:19:09.500",0.5,1,18.1473357280989
"P:/CLBF/CLBF/2018/01/CLBF-001/CLBF-001-011/CLBF-001-011_20181001_123300.wav","CLBF-001-011","00:19:24.000",0.5,1,18.5418452363346
"P:/CLBF/CLBF/2018/01/CLBF-001/CLBF-001-011/CLBF-001-011_20181001_123300.wav","CLBF-001-011","00:19:25.000",0.5,1,26.6273128072758
"P:/CLBF/CLBF/2018/01/CLBF-001/CLBF-001-012/CLBF-001-012_20180929_070000.wav","CLBF-001-012","00:06:37.500",0.5,1,36.3477396358857
"P:/CLBF/CLBF/2018/01/CLBF-001/CLBF-001-012/CLBF-001-012_20180929_070000.wav","CLBF-001-012","00:06:38.600",0.5,1,39.4376352326063
"P:/CLBF/CLBF/2018/01/CLBF-001/CLBF-001-012/CLBF-001-012_20180929_070000.wav","CLBF-001-012","00:14:12.700",0.5,1,33.6190032935361
"P:/CLBF/CLBF/2018/01/CLBF-001/CLBF-001-012/CLBF-001-012_20180929_070000.wav","CLBF-001-012","00:19:30.200",0.5,1,37.1806425483979
"P:/CLBF/CLBF/2018/01/CLBF-001/CLBF-001-012/CLBF-001-012_20180929_070000.wav","CLBF-001-012","00:23:28.500",0.5,1,40.6185488258939
"P:/CLBF/CLBF/2018/01/CLBF-001/CLBF-001-012/CLBF-001-012_20180929_070000.wav","CLBF-001-012","00:23:29.500",0.5,1,36.3499205001226
"P:/CLBF/CLBF/2018/01/CLBF-001/CLBF-001-012/CLBF-001-012_20180929_070000.wav","CLBF-001-012","00:23:30.500",0.5,1,36.8955824983227
"P:/CLBF/CLBF/2018/01/CLBF-001/CLBF-001-012/CLBF-001-012_20180929_070000.wav","CLBF-001-012","00:23:31.700",0.5,1,37.8631712042172
"P:/CLBF/CLBF/2018/01/CLBF-001/CLBF-001-012/CLBF-001-012_20180929_070000.wav","CLBF-001-012","00:23:32.000",0.5,1,37.7540711585646
"P:/CLBF/CLBF/2018/01/CLBF-001/CLBF-001-012/CLBF-001-012_20180929_070000.wav","CLBF-001-012","00:23:32.500",0.5,1,37.7633952863187
"P:/CLBF/CLBF/2018/01/CLBF-001/CLBF-001-012/CLBF-001-012_20180929_070000.wav","CLBF-001-012","00:23:37.500",0.5,1,36.5762132588171
"P:/CLBF/CLBF/2018/01/CLBF-001/CLBF-001-013/CLBF-001-013_20181017_163200.wav","CLBF-001-013","00:08:48.900",0.5,1,33.4345712808869
"P:/CLBF/CLBF/2018/01/CLBF-001/CLBF-001-015/CLBF-001-015_20180913_093200.wav","CLBF-001-015","00:05:11.400",0.5,1,41.4503071062725
"P:/CLBF/CLBF/2018/01/CLBF-001/CLBF-001-015/CLBF-001-015_20180913_093200.wav","CLBF-001-015","00:05:13.200",0.5,1,42.2315151492618
"P:/CLBF/CLBF/2018/01/CLBF-001/CLBF-001-015/CLBF-001-015_20180913_093200.wav","CLBF-001-015","00:05:15.300",0.5,1,42.20306852724
"P:/CLBF/CLBF/2018/01/CLBF-001/CLBF-001-015/CLBF-001-015_20180913_093200.wav","CLBF-001-015","00:05:26.200",0.5,1,49.3943374595416
"P:/CLBF/CLBF/2018/01/CLBF-001/CLBF-001-015/CLBF-001-015_20181108_134400.wav","CLBF-001-015","00:00:38.600",0.5,1,24.186485884198
"P:/CLBF/CLBF/2018/01/CLBF-001/CLBF-001-015/CLBF-001-015_20181108_134400.wav","CLBF-001-015","00:01:34.000",0.5,1,26.0264311209037
"P:/CLBF/CLBF/2018/01/CLBF-001/CLBF-001-015/CLBF-001-015_20181108_134400.wav","CLBF-001-015","00:06:26.900",0.5,1,26.2589271463897
"P:/CLBF/CLBF/2018/01/CLBF-001/CLBF-001-015/CLBF-001-015_20181108_134400.wav","CLBF-001-015","00:07:00.000",0.5,1,25.9928856138481
"P:/CLBF/CLBF/2018/01/CLBF-001/CLBF-001-015/CLBF-001-015_20181108_134400.wav","CLBF-001-015","00:07:20.800",0.5,1,26.7566520715358
"P:/CLBF/CLBF/2018/01/CLBF-001/CLBF-001-015/CLBF-001-015_20181108_134400.wav","CLBF-001-015","00:11:18.200",0.5,1,25.6726714541048
"P:/CLBF/CLBF/2018/01/CLBF-001/CLBF-001-015/CLBF-001-015_20181108_134400.wav","CLBF-001-015","00:11:46.500",0.5,1,26.4541812102807
"P:/CLBF/CLBF/2018/01/CLBF-001/CLBF-001-015/CLBF-001-015_20181108_134400.wav","CLBF-001-015","00:12:12.000",0.5,1,23.7616529249274
"P:/CLBF/CLBF/2018/01/CLBF-001/CLBF-001-015/CLBF-001-015_20181108_134400.wav","CLBF-001-015","00:16:51.000",0.5,1,24.1484603937921
"P:/CLBF/CLBF/2018/01/CLBF-001/CLBF-001-015/CLBF-001-015_20181108_134400.wav","CLBF-001-015","00:17:15.000",0.5,1,24.4036006546914
"P:/CLBF/CLBF/2018/01/CLBF-001/CLBF-001-015/CLBF-001-015_20181108_134400.wav","CLBF-001-015","00:17:44.500",0.5,1,24.8923415052127
"P:/CLBF/CLBF/2018/01/CLBF-001/CLBF-001-015/CLBF-001-015_20181108_134400.wav","CLBF-001-015","00:27:00.100",0.5,1,25.8016881023287
"P:/CLBF/CLBF/2018/01/CLBF-001/CLBF-001-015/CLBF-001-015_20181108_134400.wav","CLBF-001-015","00:27:20.000",0.5,1,22.5219634056177
"P:/CLBF/CLBF/2018/01/CLBF-001/CLBF-001-015/CLBF-001-015_20181108_134400.wav","CLBF-001-015","00:27:38.000",0.5,1,22.5691281018832
"P:/CLBF/CLBF/2018/01/CLBF-001/CLBF-001-015/CLBF-001-015_20181124_124400.wav","CLBF-001-015","00:00:16.000",0.5,1,27.7039056399197
"P:/CLBF/CLBF/2018/01/CLBF-001/CLBF-001-016/CLBF-001-016_20181002_180500.wav","CLBF-001-016","00:15:48.300",0.5,1,48.9318841889183
"P:/CLBF/CLBF/2018/01/CLBF-001/CLBF-001-016/CLBF-001-016_20181002_180500.wav","CLBF-001-016","00:15:49.300",0.5,1,50.7225410376957
"P:/CLBF/CLBF/2018/01/CLBF-001/CLBF-001-016/CLBF-001-016_20181002_180500.wav","CLBF-001-016","00:15:50.300",0.5,1,49.525130401659
"P:/CLBF/CLBF/2018/01/CLBF-001/CLBF-001-018/CLBF-001-018_20181130_152300.wav","CLBF-001-018","00:27:29.700",0.5,1,23.0490601974111
"P:/CLBF/CLBF/2018/01/CLBF-001/CLBF-001-021/CLBF-001-021_20181009_121800.wav","CLBF-001-021","00:23:56.200",0.5,1,35.5319760244887
"P:/CLBF/CLBF/2018/01/CLBF-001/CLBF-001-021/CLBF-001-021_20181009_164800.wav","CLBF-001-021","00:26:45.000",0.5,1,25.5772608510969
"P:/CLBF/CLBF/2018/01/CLBF-001/CLBF-001-021/CLBF-001-021_20181009_164800.wav","CLBF-001-021","00:28:21.000",0.5,1,34.4780119595609
"P:/CLBF/CLBF/2018/01/CLBF-001/CLBF-001-025/CLBF-001-025_20180911_172106.wav","CLBF-001-025","00:10:42.200",0.5,1,44.271815742055
"P:/CLBF/CLBF/2018/01/CLBF-001/CLBF-001-025/CLBF-001-025_20180911_172106.wav","CLBF-001-025","00:10:44.400",0.5,1,42.6364424786458
"P:/CLBF/CLBF/2018/01/CLBF-001/CLBF-001-025/CLBF-001-025_20180911_172106.wav","CLBF-001-025","00:10:46.000",0.5,1,44.5414740022926
"P:/CLBF/CLBF/2018/01/CLBF-001/CLBF-001-025/CLBF-001-025_20180911_172106.wav","CLBF-001-025","00:48:05.400",0.5,1,48.7638081254934
"P:/CLBF/CLBF/2018/01/CLBF-001/CLBF-001-025/CLBF-001-025_20180911_172106.wav","CLBF-001-025","00:51:04.000",0.5,1,19.9851312270172
"P:/CLBF/CLBF/2018/01/CLBF-001/CLBF-001-025/CLBF-001-025_20181027_095235.wav","CLBF-001-025","00:17:32.200",0.5,1,43.7444595136768
"P:/CLBF/CLBF/2018/01/CLBF-001/CLBF-001-025/CLBF-001-025_20181027_095235.wav","CLBF-001-025","00:18:23.500",0.5,1,50.8387717891248
"P:/CLBF/CLBF/2018/01/CLBF-001/CLBF-001-025/CLBF-001-025_20181027_095235.wav","CLBF-001-025","00:18:53.500",0.5,1,43.5388345646932
"P:/CLBF/CLBF/2018/01/CLBF-001/CLBF-001-025/CLBF-001-025_20181027_095235.wav","CLBF-001-025","00:25:12.500",0.5,1,50.5774811137918
"P:/CLBF/CLBF/2018/01/CLBF-001/CLBF-001-025/CLBF-001-025_20181027_095235.wav","CLBF-001-025","00:26:02.500",0.5,1,48.040010232387
"P:/CLBF/CLBF/2018/01/CLBF-001/CLBF-001-025/CLBF-001-025_20181027_095235.wav","CLBF-001-025","00:27:11.300",0.5,1,45.2482691014526
"P:/CLBF/CLBF/2018/01/CLBF-001/CLBF-001-025/CLBF-001-025_20181027_095235.wav","CLBF-001-025","00:37:31.000",0.5,1,45.0876727480074
"P:/CLBF/CLBF/2018/01/CLBF-001/CLBF-001-025/CLBF-001-025_20181027_095235.wav","CLBF-001-025","00:50:30.200",0.5,1,53.2652373944776
"P:/CLBF/CLBF/2018/01/CLBF-001/CLBF-001-025/CLBF-001-025_20181027_095235.wav","CLBF-001-025","00:50:42.700",0.5,1,46.0353247603601
"P:/CLBF/CLBF/2018/01/CLBF-001/CLBF-001-025/CLBF-001-025_20181027_095235.wav","CLBF-001-025","00:53:03.200",0.5,1,47.2149249449591
"P:/CLBF/CLBF/2018/01/CLBF-001/CLBF-001-025/CLBF-001-025_20181031_045239.wav","CLBF-001-025","00:07:04.300",0.5,1,17.8246267020624
"P:/CLBF/CLBF/2018/01/CLBF-001/CLBF-001-025/CLBF-001-025_20181031_045239.wav","CLBF-001-025","00:10:31.400",0.5,1,32.8684206079861
"P:/CLBF/CLBF/2018/01/CLBF-001/CLBF-001-025/CLBF-001-025_20181031_045239.wav","CLBF-001-025","00:31:03.000",0.5,1,32.5849585374844
"P:/CLBF/CLBF/2018/01/CLBF-001/CLBF-001-027/CLBF-001-027_20180914_200300.wav","CLBF-001-027","00:06:29.000",0.5,1,40.7411831243007
"P:/CLBF/CLBF/2018/01/CLBF-001/CLBF-001-027/CLBF-001-027_20180914_200300.wav","CLBF-001-027","00:08:58.200",0.5,1,31.2218433280844
"P:/CLBF/CLBF/2018/01/CLBF-001/CLBF-001-027/CLBF-001-027_20180914_200300.wav","CLBF-001-027","00:08:59.300",0.5,1,34.2970055091508
"P:/CLBF/CLBF/2018/01/CLBF-001/CLBF-001-027/CLBF-001-027_20180914_200300.wav","CLBF-001-027","00:12:15.300",0.5,1,44.2959309533171
"P:/CLBF/CLBF/2018/01/CLBF-001/CLBF-001-027/CLBF-001-027_20180914_200300.wav","CLBF-001-027","00:13:32.800",0.5,1,33.7111080927707
"P:/CLBF/CLBF/2018/01/CLBF-001/CLBF-001-027/CLBF-001-027_20180914_200300.wav","CLBF-001-027","00:13:34.200",0.5,1,43.1727720345859
"P:/CLBF/CLBF/2018/01/CLBF-001/CLBF-001-027/CLBF-001-027_20180914_200300.wav","CLBF-001-027","00:14:39.200",0.5,1,31.6174379401788
"P:/CLBF/CLBF/2018/01/CLBF-001/CLBF-001-027/CLBF-001-027_20180914_200300.wav","CLBF-001-027","00:14:41.000",0.5,1,32.9965613716622
"P:/CLBF/CLBF/2018/01/CLBF-001/CLBF-001-027/CLBF-001-027_20181124_114400.wav","CLBF-001-027","00:08:57.200",0.5,1,33.3388284732905
"P:/CLBF/CLBF/2018/01/CLBF-001/CLBF-001-027/CLBF-001-027_20181124_114400.wav","CLBF-001-027","00:12:59.100",0.5,1,33.1321435874902
"P:/CLBF/CLBF/2018/01/CLBF-001/CLBF-001-027/CLBF-001-027_20181124_114400.wav","CLBF-001-027","00:13:04.800",0.5,1,32.7620939815505
"P:/CLBF/CLBF/2018/01/CLBF-001/CLBF-001-027/CLBF-001-027_20181124_114400.wav","CLBF-001-027","00:23:50.400",0.5,1,40.0230545898638
"P:/CLBF/CLBF/2018/01/CLBF-001/CLBF-001-028/CLBF-001-028_20181025_163300.wav","CLBF-001-028","00:12:56.900",0.5,1,38.8200893179692
"P:/CLBF/CLBF/2018/01/CLBF-001/CLBF-001-028/CLBF-001-028_20181025_163300.wav","CLBF-001-028","00:12:58.900",0.5,1,36.5700248812706
"P:/CLBF/CLBF/2018/01/CLBF-001/CLBF-001-029/CLBF-001-029_20181019_133600.wav","CLBF-001-029","00:22:22.700",0.5,1,23.6133845194298
"P:/CLBF/CLBF/2018/01/CLBF-001/CLBF-001-029/CLBF-001-029_20181019_133600.wav","CLBF-001-029","00:22:26.700",0.5,1,22.4100994157699
"P:/CLBF/CLBF/2018/01/CLBF-001/CLBF-001-029/CLBF-001-029_20181019_133600.wav","CLBF-001-029","00:22:32.600",0.5,1,23.04118585722
"P:/CLBF/CLBF/2018/01/CLBF-001/CLBF-001-029/CLBF-001-029_20181019_133600.wav","CLBF-001-029","00:22:34.900",0.5,1,24.6556286831273
"P:/CLBF/CLBF/2018/01/CLBF-001/CLBF-001-029/CLBF-001-029_20181019_133600.wav","CLBF-001-029","00:22:37.000",0.5,1,26.6782632397874
"P:/CLBF/CLBF/2018/01/CLBF-001/CLBF-001-029/CLBF-001-029_20181019_133600.wav","CLBF-001-029","00:22:40.300",0.5,1,24.5415233216636
"P:/CLBF/CLBF/2018/01/CLBF-001/CLBF-001-029/CLBF-001-029_20181019_133600.wav","CLBF-001-029","00:22:45.000",0.5,1,22.5663728063084
"P:/CLBF/CLBF/2018/01/CLBF-001/CLBF-001-029/CLBF-001-029_20181019_133600.wav","CLBF-001-029","00:22:46.000",0.5,1,25.4318467489866
"P:/CLBF/CLBF/2018/01/CLBF-001/CLBF-001-029/CLBF-001-029_20181019_133600.wav","CLBF-001-029","00:22:53.400",0.5,1,23.0385793650085
"P:/CLBF/CLBF/2018/01/CLBF-001/CLBF-001-029/CLBF-001-029_20181019_133600.wav","CLBF-001-029","00:22:55.000",0.5,1,27.2711853223159
"P:/CLBF/CLBF/2018/01/CLBF-001/CLBF-001-029/CLBF-001-029_20181019_133600.wav","CLBF-001-029","00:22:58.000",0.5,1,23.1031620109565
"P:/CLBF/CLBF/2018/01/CLBF-001/CLBF-001-029/CLBF-001-029_20181019_133600.wav","CLBF-001-029","00:22:59.400",0.5,1,20.9416075635495
"P:/CLBF/CLBF/2018/01/CLBF-001/CLBF-001-029/CLBF-001-029_20181019_133600.wav","CLBF-001-029","00:23:01.600",0.5,1,22.9972147871025
"P:/CLBF/CLBF/2018/01/CLBF-001/CLBF-001-029/CLBF-001-029_20181019_133600.wav","CLBF-001-029","00:23:09.800",0.5,1,29.5842347189852
"P:/CLBF/CLBF/2018/01/CLBF-001/CLBF-001-029/CLBF-001-029_20181019_133600.wav","CLBF-001-029","00:23:19.500",0.5,1,22.9746821388574
"P:/CLBF/CLBF/2018/01/CLBF-001/CLBF-001-029/CLBF-001-029_20181019_133600.wav","CLBF-001-029","00:23:21.800",0.5,1,23.6725318115225
"P:/CLBF/CLBF/2018/01/CLBF-001/CLBF-001-029/CLBF-001-029_20181019_133600.wav","CLBF-001-029","00:23:24.400",0.5,1,24.3955825074333
"P:/CLBF/CLBF/2018/01/CLBF-001/CLBF-001-029/CLBF-001-029_20181019_133600.wav","CLBF-001-029","00:23:36.900",0.5,1,22.5004043768731
"P:/CLBF/CLBF/2018/01/CLBF-001/CLBF-001-029/CLBF-001-029_20181019_133600.wav","CLBF-001-029","00:23:44.000",0.5,1,20.2330532396602
"P:/CLBF/CLBF/2018/01/CLBF-001/CLBF-001-029/CLBF-001-029_20181019_133600.wav","CLBF-001-029","00:24:02.000",0.5,1,21.2408361526873
"P:/CLBF/CLBF/2018/01/CLBF-001/CLBF-001-029/CLBF-001-029_20181019_133600.wav","CLBF-001-029","00:26:16.400",0.5,1,25.9188140180094
"P:/CLBF/CLBF/2018/01/CLBF-001/CLBF-001-029/CLBF-001-029_20181019_133600.wav","CLBF-001-029","00:26:33.000",0.5,1,30.7995721069294
"P:/CLBF/CLBF/2018/01/CLBF-001/CLBF-001-029/CLBF-001-029_20181029_072500.wav","CLBF-001-029","00:02:26.500",0.5,1,41.9084909519338
"P:/CLBF/CLBF/2018/01/CLBF-001/CLBF-001-029/CLBF-001-029_20181130_112300.wav","CLBF-001-029","00:13:38.600",0.5,1,44.5683109485639
"P:/CLBF/CLBF/2018/01/CLBF-001/CLBF-001-029/CLBF-001-029_20181130_112300.wav","CLBF-001-029","00:13:42.700",0.5,1,44.5428141232822
"P:/CLBF/CLBF/2018/01/CLBF-001/CLBF-001-029/CLBF-001-029_20181130_112300.wav","CLBF-001-029","00:13:44.500",0.5,1,45.7636920517227
"P:/CLBF/CLBF/2018/01/CLBF-001/CLBF-001-029/CLBF-001-029_20181130_112300.wav","CLBF-001-029","00:13:45.400",0.5,1,44.7167542247439
"P:/CLBF/CLBF/2018/01/CLBF-001/CLBF-001-029/CLBF-001-029_20181130_112300.wav","CLBF-001-029","00:13:52.800",0.5,1,48.0557481194761
"P:/CLBF/CLBF/2018/01/CLBF-001/CLBF-001-029/CLBF-001-029_20181130_112300.wav","CLBF-001-029","00:14:26.400",0.5,1,50.3700904523131
"P:/CLBF/CLBF/2018/01/CLBF-001/CLBF-001-029/CLBF-001-029_20181130_112300.wav","CLBF-001-029","00:16:04.700",0.5,1,45.4791873459474
"P:/CLBF/CLBF/2018/01/CLBF-001/CLBF-001-029/CLBF-001-029_20181130_112300.wav","CLBF-001-029","00:16:14.300",0.5,1,47.9844535501635
"P:/CLBF/CLBF/2018/01/CLBF-001/CLBF-001-029/CLBF-001-029_20181130_112300.wav","CLBF-001-029","00:16:17.500",0.5,1,45.1344797870453
"P:/CLBF/CLBF/2018/01/CLBF-001/CLBF-001-029/CLBF-001-029_20181130_112300.wav","CLBF-001-029","00:16:19.800",0.5,1,45.9088705345149
"P:/CLBF/CLBF/2018/01/CLBF-001/CLBF-001-029/CLBF-001-029_20181130_112300.wav","CLBF-001-029","00:16:20.400",0.5,1,45.5195313161306
"P:/CLBF/CLBF/2018/01/CLBF-001/CLBF-001-029/CLBF-001-029_20181130_112300.wav","CLBF-001-029","00:16:25.700",0.5,1,44.3492638439443
"P:/CLBF/CLBF/2018/01/CLBF-001/CLBF-001-029/CLBF-001-029_20181130_112300.wav","CLBF-001-029","00:16:28.600",0.5,1,50.5147623834376
"P:/CLBF/CLBF/2018/01/CLBF-001/CLBF-001-029/CLBF-001-029_20181130_112300.wav","CLBF-001-029","00:16:38.300",0.5,1,50.1295547501461
"P:/CLBF/CLBF/2018/01/CLBF-001/CLBF-001-029/CLBF-001-029_20181130_112300.wav","CLBF-001-029","00:16:42.500",0.5,1,46.4085827661432
"P:/CLBF/CLBF/2018/01/CLBF-001/CLBF-001-029/CLBF-001-029_20181130_112300.wav","CLBF-001-029","00:16:49.600",0.5,1,45.2179996747224
"P:/CLBF/CLBF/2018/01/CLBF-001/CLBF-001-029/CLBF-001-029_20181130_112300.wav","CLBF-001-029","00:16:59.400",0.5,1,50.0615218099397
"P:/CLBF/CLBF/2018/01/CLBF-001/CLBF-001-029/CLBF-001-029_20181130_112300.wav","CLBF-001-029","00:17:00.000",0.5,1,46.0432006605816
"P:/CLBF/CLBF/2018/01/CLBF-001/CLBF-001-029/CLBF-001-029_20181130_112300.wav","CLBF-001-029","00:17:00.600",0.5,1,46.3982545660489
"P:/CLBF/CLBF/2018/01/CLBF-001/CLBF-001-029/CLBF-001-029_20181130_112300.wav","CLBF-001-029","00:17:17.000",0.5,1,44.6154928147971
"P:/CLBF/CLBF/2018/01/CLBF-001/CLBF-001-029/CLBF-001-029_20181130_112300.wav","CLBF-001-029","00:17:20.300",0.5,1,41.3256960099971
"P:/CLBF/CLBF/2018/01/CLBF-001/CLBF-001-029/CLBF-001-029_20181130_112300.wav","CLBF-001-029","00:17:21.000",0.5,1,42.4048050933706
"P:/CLBF/CLBF/2018/01/CLBF-001/CLBF-001-029/CLBF-001-029_20181130_112300.wav","CLBF-001-029","00:17:31.900",0.5,1,48.2945881440351
"P:/CLBF/CLBF/2018/01/CLBF-001/CLBF-001-029/CLBF-001-029_20181130_112300.wav","CLBF-001-029","00:17:37.000",0.5,1,51.6325222983394
"P:/CLBF/CLBF/2018/01/CLBF-001/CLBF-001-029/CLBF-001-029_20181130_112300.wav","CLBF-001-029","00:17:45.300",0.5,1,48.1722534018189
"P:/CLBF/CLBF/2018/01/CLBF-001/CLBF-001-029/CLBF-001-029_20181130_112300.wav","CLBF-001-029","00:17:49.000",0.5,1,49.407948610238
"P:/CLBF/CLBF/2018/01/CLBF-001/CLBF-001-029/CLBF-001-029_20181130_112300.wav","CLBF-001-029","00:17:54.000",0.5,1,44.7905918627987
"P:/CLBF/CLBF/2018/01/CLBF-001/CLBF-001-029/CLBF-001-029_20181130_112300.wav","CLBF-001-029","00:17:55.800",0.5,1,46.1357302760737
"P:/CLBF/CLBF/2018/01/CLBF-001/CLBF-001-029/CLBF-001-029_20181130_112300.wav","CLBF-001-029","00:18:03.300",0.5,1,45.7177336492861
"P:/CLBF/CLBF/2018/01/CLBF-001/CLBF-001-029/CLBF-001-029_20181130_112300.wav","CLBF-001-029","00:18:07.700",0.5,1,47.5645862001214
"P:/CLBF/CLBF/2018/01/CLBF-001/CLBF-001-029/CLBF-001-029_20181130_112300.wav","CLBF-001-029","00:22:21.500",0.5,1,41.1139724381898
"P:/CLBF/CLBF/2018/01/CLBF-001/CLBF-001-029/CLBF-001-029_20181130_112300.wav","CLBF-001-029","00:22:23.300",0.5,1,46.0951529588198
"P:/CLBF/CLBF/2018/01/CLBF-001/CLBF-001-029/CLBF-001-029_20181130_112300.wav","CLBF-001-029","00:22:29.300",0.5,1,42.7079986871889
"P:/CLBF/CLBF/2018/01/CLBF-001/CLBF-001-029/CLBF-001-029_20181130_112300.wav","CLBF-001-029","00:22:31.000",0.5,1,45.7371282532605
"P:/CLBF/CLBF/2018/01/CLBF-001/CLBF-001-029/CLBF-001-029_20181130_112300.wav","CLBF-001-029","00:22:59.000",0.5,1,43.8312493833855
"P:/CLBF/CLBF/2018/01/CLBF-001/CLBF-001-029/CLBF-001-029_20181130_112300.wav","CLBF-001-029","00:23:30.000",0.5,1,48.9661619889981
"P:/CLBF/CLBF/2018/01/CLBF-001/CLBF-001-029/CLBF-001-029_20181130_112300.wav","CLBF-001-029","00:25:26.500",0.5,1,49.3823947860581
"P:/CLBF/CLBF/2018/01/CLBF-001/CLBF-001-029/CLBF-001-029_20181130_112300.wav","CLBF-001-029","00:25:27.300",0.5,1,43.9065957820482
"P:/CLBF/CLBF/2018/01/CLBF-001/CLBF-001-029/CLBF-001-029_20181130_112300.wav","CLBF-001-029","00:25:33.000",0.5,1,42.3919497541425
"P:/CLBF/CLBF/2018/01/CLBF-001/CLBF-001-029/CLBF-001-029_20181130_112300.wav","CLBF-001-029","00:25:35.700",0.5,1,44.5413461317289
"P:/CLBF/CLBF/2018/01/CLBF-001/CLBF-001-029/CLBF-001-029_20181130_112300.wav","CLBF-001-029","00:25:36.300",0.5,1,39.3672044109089
"P:/CLBF/CLBF/2018/01/CLBF-001/CLBF-001-029/CLBF-001-029_20181130_112300.wav","CLBF-001-029","00:25:37.400",0.5,1,47.364622589947
"P:/CLBF/CLBF/2018/01/CLBF-001/CLBF-001-029/CLBF-001-029_20181130_112300.wav","CLBF-001-029","00:25:42.900",0.5,1,46.9979116297898
"P:/CLBF/CLBF/2018/01/CLBF-001/CLBF-001-029/CLBF-001-029_20181130_112300.wav","CLBF-001-029","00:25:51.700",0.5,1,45.5726200833566
"P:/CLBF/CLBF/2018/01/CLBF-001/CLBF-001-029/CLBF-001-029_20181130_112300.wav","CLBF-001-029","00:25:52.100",0.5,1,43.9341873633644
"P:/CLBF/CLBF/2018/01/CLBF-001/CLBF-001-029/CLBF-001-029_20181130_112300.wav","CLBF-001-029","00:25:58.600",0.5,1,44.700284244347
"P:/CLBF/CLBF/2018/01/CLBF-001/CLBF-001-029/CLBF-001-029_20181130_112300.wav","CLBF-001-029","00:26:05.000",0.5,1,45.1681696011201
"P:/CLBF/CLBF/2018/01/CLBF-001/CLBF-001-029/CLBF-001-029_20181130_112300.wav","CLBF-001-029","00:26:07.000",0.5,1,49.4371503405416
"P:/CLBF/CLBF/2018/01/CLBF-001/CLBF-001-029/CLBF-001-029_20181130_112300.wav","CLBF-001-029","00:26:09.400",0.5,1,47.5067900417589
"P:/CLBF/CLBF/2018/01/CLBF-001/CLBF-001-029/CLBF-001-029_20181130_112300.wav","CLBF-001-029","00:26:10.300",0.5,1,42.5670554350595
"P:/CLBF/CLBF/2018/01/CLBF-001/CLBF-001-029/CLBF-001-029_20181130_112300.wav","CLBF-001-029","00:26:22.400",0.5,1,45.0148603826843
"P:/CLBF/CLBF/2018/01/CLBF-001/CLBF-001-029/CLBF-001-029_20181130_112300.wav","CLBF-001-029","00:26:27.300",0.5,1,47.8901697106887
"P:/CLBF/CLBF/2018/01/CLBF-001/CLBF-001-029/CLBF-001-029_20181130_112300.wav","CLBF-001-029","00:26:50.400",0.5,1,46.0937755498014
"P:/CLBF/CLBF/2018/01/CLBF-001/CLBF-001-029/CLBF-001-029_20181130_112300.wav","CLBF-001-029","00:27:11.000",0.5,1,50.1034974712153
"P:/CLBF/CLBF/2018/01/CLBF-001/CLBF-001-029/CLBF-001-029_20181130_112300.wav","CLBF-001-029","00:27:23.600",0.5,1,45.976129735627
"P:/CLBF/CLBF/2018/01/CLBF-001/CLBF-001-029/CLBF-001-029_20181130_112300.wav","CLBF-001-029","00:27:32.000",0.5,1,50.7276654861209
"P:/CLBF/CLBF/2018/01/CLBF-001/CLBF-001-029/CLBF-001-029_20181130_112300.wav","CLBF-001-029","00:27:38.000",0.5,1,51.8122830528915
"P:/CLBF/CLBF/2018/01/CLBF-001/CLBF-001-029/CLBF-001-029_20181130_112300.wav","CLBF-001-029","00:27:54.000",0.5,1,49.8781639913711
"P:/CLBF/CLBF/2018/01/CLBF-001/CLBF-001-030/CLBF-001-030_20180909_101334.wav","CLBF-001-030","00:41:36.000",0.5,1,44.8583123744631
"P:/CLBF/CLBF/2018/01/CLBF-001/CLBF-001-030/CLBF-001-030_20180909_101334.wav","CLBF-001-030","00:41:36.200",0.5,1,44.9150318369582
"P:/CLBF/CLBF/2018/01/CLBF-001/CLBF-001-030/CLBF-001-030_20180909_101334.wav","CLBF-001-030","00:41:37.700",0.5,1,38.3565022733738
"P:/CLBF/CLBF/2018/01/CLBF-001/CLBF-001-030/CLBF-001-030_20180909_101334.wav","CLBF-001-030","00:56:49.800",0.5,1,37.2743050044227
"P:/CLBF/CLBF/2018/01/CLBF-001/CLBF-001-031/CLBF-001-031_20181001_183300.wav","CLBF-001-031","00:01:30.800",0.5,1,31.8924013203904
"P:/CLBF/CLBF/2018/01/CLBF-001/CLBF-001-031/CLBF-001-031_20181001_183300.wav","CLBF-001-031","00:03:02.100",0.5,1,34.403375255912
"P:/CLBF/CLBF/2018/01/CLBF-001/CLBF-001-031/CLBF-001-031_20181001_183300.wav","CLBF-001-031","00:03:18.400",0.5,1,32.0678922166782
"P:/CLBF/CLBF/2018/01/CLBF-001/CLBF-001-031/CLBF-001-031_20181001_183300.wav","CLBF-001-031","00:09:25.800",0.5,1,32.0839520817355
"P:/CLBF/CLBF/2018/01/CLBF-001/CLBF-001-031/CLBF-001-031_20181001_183300.wav","CLBF-001-031","00:11:03.100",0.5,1,35.0841291933768
"P:/CLBF/CLBF/2018/01/CLBF-001/CLBF-001-031/CLBF-001-031_20181001_183300.wav","CLBF-001-031","00:13:34.200",0.5,1,25.9386812244962
"P:/CLBF/CLBF/2018/01/CLBF-001/CLBF-001-031/CLBF-001-031_20181001_183300.wav","CLBF-001-031","00:20:48.600",0.5,1,30.8323008803764
"P:/CLBF/CLBF/2018/01/CLBF-001/CLBF-001-031/CLBF-001-031_20181001_183300.wav","CLBF-001-031","00:24:29.500",0.5,1,33.6243175898417
"P:/CLBF/CLBF/2018/01/CLBF-001/CLBF-001-031/CLBF-001-031_20181001_183300.wav","CLBF-001-031","00:28:23.200",0.5,1,37.2835703711066
"P:/CLBF/CLBF/2018/01/CLBF-001/CLBF-001-031/CLBF-001-031_20181009_171800.wav","CLBF-001-031","00:13:59.600",0.5,1,28.4703383357346
"P:/CLBF/CLBF/2018/01/CLBF-001/CLBF-001-031/CLBF-001-031_20181020_110800.wav","CLBF-001-031","00:08:22.200",0.5,1,46.849207837238
"P:/CLBF/CLBF/2018/01/CLBF-001/CLBF-001-031/CLBF-001-031_20181020_110800.wav","CLBF-001-031","00:08:58.100",0.5,1,46.9670605917638
"P:/CLBF/CLBF/2018/01/CLBF-001/CLBF-001-031/CLBF-001-031_20181020_110800.wav","CLBF-001-031","00:09:14.200",0.5,1,35.9234781074332
"P:/CLBF/CLBF/2018/01/CLBF-001/CLBF-001-031/CLBF-001-031_20181020_110800.wav","CLBF-001-031","00:16:05.700",0.5,1,41.0361889274757
"P:/CLBF/CLBF/2018/01/CLBF-001/CLBF-001-031/CLBF-001-031_20181020_110800.wav","CLBF-001-031","00:18:57.500",0.5,1,38.3304456495549
"P:/CLBF/CLBF/2018/01/CLBF-001/CLBF-001-031/CLBF-001-031_20181020_110800.wav","CLBF-001-031","00:19:28.000",0.5,1,36.8465003636284
"P:/CLBF/CLBF/2018/01/CLBF-001/CLBF-001-031/CLBF-001-031_20181020_110800.wav","CLBF-001-031","00:24:36.500",0.5,1,33.7039681145238
"P:/CLBF/CLBF/2018/01/CLBF-001/CLBF-001-031/CLBF-001-031_20181020_110800.wav","CLBF-001-031","00:25:17.000",0.5,1,38.0392373369976
"P:/CLBF/CLBF/2018/01/CLBF-001/CLBF-001-032/CLBF-001-032_20180912_113000.wav","CLBF-001-032","00:01:04.200",0.5,1,49.6811001819773
"P:/CLBF/CLBF/2018/01/CLBF-001/CLBF-001-032/CLBF-001-032_20181120_170700.wav","CLBF-001-032","00:02:35.300",0.5,1,41.8768727686346
"P:/CLBF/CLBF/2018/01/CLBF-001/CLBF-001-032/CLBF-001-032_20181120_170700.wav","CLBF-001-032","00:02:56.700",0.5,1,30.4331047932424
"P:/CLBF/CLBF/2018/01/CLBF-001/CLBF-001-034/CLBF-001-034_20181130_105300.wav","CLBF-001-034","00:20:11.600",0.5,1,42.6784263843943
"P:/CLBF/CLBF/2018/01/CLBF-001/CLBF-001-034/CLBF-001-034_20181130_105300.wav","CLBF-001-034","00:22:10.300",0.5,1,40.8501499388956
"P:/CLBF/CLBF/2018/01/CLBF-001/CLBF-001-035/CLBF-001-035_20181031_115900.wav","CLBF-001-035","00:21:03.000",0.5,1,28.9983750039434
"P:/CLBF/CLBF/2018/01/CLBF-001/CLBF-001-037/CLBF-001-037_20181108_141400.wav","CLBF-001-037","00:03:03.500",0.5,1,48.7724781301803
"P:/CLBF/CLBF/2018/01/CLBF-001/CLBF-001-037/CLBF-001-037_20181108_141400.wav","CLBF-001-037","00:03:41.500",0.5,1,40.0261953695329
"P:/CLBF/CLBF/2018/01/CLBF-001/CLBF-001-037/CLBF-001-037_20181108_141400.wav","CLBF-001-037","00:10:09.000",0.5,1,42.9586259658289
"P:/CLBF/CLBF/2018/01/CLBF-001/CLBF-001-037/CLBF-001-037_20181108_141400.wav","CLBF-001-037","00:10:30.700",0.5,1,52.7029658422288
"P:/CLBF/CLBF/2018/01/CLBF-001/CLBF-001-037/CLBF-001-037_20181108_141400.wav","CLBF-001-037","00:16:24.200",0.5,1,41.0580870466061
"P:/CLBF/CLBF/2018/01/CLBF-001/CLBF-001-037/CLBF-001-037_20181108_141400.wav","CLBF-001-037","00:16:49.900",0.5,1,45.7225849529039
"P:/CLBF/CLBF/2018/01/CLBF-001/CLBF-001-037/CLBF-001-037_20181108_141400.wav","CLBF-001-037","00:17:12.300",0.5,1,46.0283396798083
"P:/CLBF/CLBF/2018/01/CLBF-001/CLBF-001-037/CLBF-001-037_20181108_141400.wav","CLBF-001-037","00:18:05.300",0.5,1,44.8044226124421
"P:/CLBF/CLBF/2018/01/CLBF-001/CLBF-001-037/CLBF-001-037_20181108_141400.wav","CLBF-001-037","00:18:48.000",0.5,1,45.4188962208427
"P:/CLBF/CLBF/2018/01/CLBF-001/CLBF-001-037/CLBF-001-037_20181108_141400.wav","CLBF-001-037","00:24:39.200",0.5,1,42.5305078472245
"P:/CLBF/CLBF/2018/01/CLBF-001/CLBF-001-037/CLBF-001-037_20181108_141400.wav","CLBF-001-037","00:25:12.300",0.5,1,43.7915283065966
"P:/CLBF/CLBF/2018/01/CLBF-001/CLBF-001-037/CLBF-001-037_20181108_141400.wav","CLBF-001-037","00:26:06.300",0.5,1,39.2502195631824
"P:/CLBF/CLBF/2018/01/CLBF-001/CLBF-001-039/CLBF-001-039_20181024_161600.wav","CLBF-001-039","00:03:33.100",0.5,1,67.2900311786856
"P:/CLBF/CLBF/2018/01/CLBF-001/CLBF-001-039/CLBF-001-039_20181024_161600.wav","CLBF-001-039","00:03:33.700",0.5,1,67.0315869596258
"P:/CLBF/CLBF/2018/01/CLBF-001/CLBF-001-039/CLBF-001-039_20181101_163100.wav","CLBF-001-039","00:01:34.100",0.5,1,16.5923410632053
"P:/CLBF/CLBF/2018/01/CLBF-001/CLBF-001-039/CLBF-001-039_20181101_163100.wav","CLBF-001-039","00:01:50.800",0.5,1,16.5725723458944
"P:/CLBF/CLBF/2018/01/CLBF-001/CLBF-001-039/CLBF-001-039_20181101_163100.wav","CLBF-001-039","00:04:06.000",0.5,1,18.2047532691623
"P:/CLBF/CLBF/2018/01/CLBF-001/CLBF-001-039/CLBF-001-039_20181101_163100.wav","CLBF-001-039","00:04:22.000",0.5,1,24.2772670923762
"P:/CLBF/CLBF/2018/01/CLBF-001/CLBF-001-039/CLBF-001-039_20181101_163100.wav","CLBF-001-039","00:06:26.900",0.5,1,17.5616477121858
"P:/CLBF/CLBF/2018/01/CLBF-001/CLBF-001-039/CLBF-001-039_20181101_163100.wav","CLBF-001-039","00:06:32.700",0.5,1,18.0062508755935
"P:/CLBF/CLBF/2018/01/CLBF-001/CLBF-001-039/CLBF-001-039_20181101_163100.wav","CLBF-001-039","00:06:42.100",0.5,1,18.9945217725714
"P:/CLBF/CLBF/2018/01/CLBF-001/CLBF-001-039/CLBF-001-039_20181101_163100.wav","CLBF-001-039","00:09:22.600",0.5,1,17.9595845342699
"P:/CLBF/CLBF/2018/01/CLBF-001/CLBF-001-039/CLBF-001-039_20181101_163100.wav","CLBF-001-039","00:09:47.300",0.5,1,14.7468254986304
"P:/CLBF/CLBF/2018/01/CLBF-001/CLBF-001-039/CLBF-001-039_20181101_163100.wav","CLBF-001-039","00:10:01.900",0.5,1,14.8937547231926
"P:/CLBF/CLBF/2018/01/CLBF-001/CLBF-001-039/CLBF-001-039_20181101_163100.wav","CLBF-001-039","00:19:06.000",0.5,1,14.724889255916
"P:/CLBF/CLBF/2018/01/CLBF-001/CLBF-001-039/CLBF-001-039_20181101_163100.wav","CLBF-001-039","00:19:19.700",0.5,1,15.5564146672871
"P:/CLBF/CLBF/2018/01/CLBF-001/CLBF-001-039/CLBF-001-039_20181101_163100.wav","CLBF-001-039","00:19:28.000",0.5,1,17.202357390069
"P:/CLBF/CLBF/2018/01/CLBF-001/CLBF-001-039/CLBF-001-039_20181101_163100.wav","CLBF-001-039","00:23:21.900",0.5,1,15.7299431528568
"P:/CLBF/CLBF/2018/01/CLBF-001/CLBF-001-039/CLBF-001-039_20181101_163100.wav","CLBF-001-039","00:23:40.800",0.5,1,17.9516168779013
"P:/CLBF/CLBF/2018/01/CLBF-001/CLBF-001-039/CLBF-001-039_20181101_163100.wav","CLBF-001-039","00:24:13.500",0.5,1,12.7155368979202
"P:/CLBF/CLBF/2018/01/CLBF-001/CLBF-001-039/CLBF-001-039_20181101_163100.wav","CLBF-001-039","00:24:26.500",0.5,1,13.20678637898
"P:/CLBF/CLBF/2018/01/CLBF-001/CLBF-001-039/CLBF-001-039_20181101_163100.wav","CLBF-001-039","00:24:35.000",0.5,1,9.02408753924042
"P:/CLBF/CLBF/2018/01/CLBF-001/CLBF-001-040/CLBF-001-040_20181104_110700.wav","CLBF-001-040","00:05:13.100",0.5,1,46.0018331150611
"P:/CLBF/CLBF/2018/01/CLBF-001/CLBF-001-043/CLBF-001-043_20180919_135541.wav","CLBF-001-043","00:15:59.200",0.5,1,33.882567591683
"P:/CLBF/CLBF/2018/01/CLBF-001/CLBF-001-046/CLBF-001-046_20181016_161353.wav","CLBF-001-046","00:27:00.600",0.5,1,21.0677402745259
"P:/CLBF/CLBF/2018/01/CLBF-001/CLBF-001-046/CLBF-001-046_20181016_161353.wav","CLBF-001-046","00:46:32.500",0.5,1,14.9849400388769
"P:/CLBF/CLBF/2018/01/CLBF-001/CLBF-001-046/CLBF-001-046_20181021_171358.wav","CLBF-001-046","00:10:33.600",0.5,1,31.182269066162
"P:/CLBF/CLBF/2018/01/CLBF-001/CLBF-001-046/CLBF-001-046_20181021_171358.wav","CLBF-001-046","00:11:04.000",0.5,1,40.5033654641246
"P:/CLBF/CLBF/2018/01/CLBF-001/CLBF-001-047/CLBF-001-047_20181026_174900.wav","CLBF-001-047","00:10:31.800",0.5,1,32.8585439691688
"P:/CLBF/CLBF/2018/01/CLBF-001/CLBF-001-047/CLBF-001-047_20181026_174900.wav","CLBF-001-047","00:11:10.600",0.5,1,31.9461945005262
"P:/CLBF/CLBF/2018/01/CLBF-001/CLBF-001-048/CLBF-001-048_20180908_065300.wav","CLBF-001-048","00:12:34.500",0.5,1,40.6025707615949
"P:/CLBF/CLBF/2018/01/CLBF-001/CLBF-001-048/CLBF-001-048_20180908_065300.wav","CLBF-001-048","00:21:09.200",0.5,1,20.4373566882106
"P:/CLBF/CLBF/2018/01/CLBF-001/CLBF-001-048/CLBF-001-048_20180908_065300.wav","CLBF-001-048","00:24:52.200",0.5,1,43.5319420527814
"P:/CLBF/CLBF/2018/01/CLBF-001/CLBF-001-049/CLBF-001-049_20180911_175800.wav","CLBF-001-049","00:17:48.300",0.5,1,29.878052603776
"P:/CLBF/CLBF/2018/01/CLBF-001/CLBF-001-049/CLBF-001-049_20180911_175800.wav","CLBF-001-049","00:18:12.200",0.5,1,28.2119642727805
"P:/CLBF/CLBF/2018/01/CLBF-001/CLBF-001-049/CLBF-001-049_20180911_175800.wav","CLBF-001-049","00:18:45.700",0.5,1,29.3848344098271
"P:/CLBF/CLBF/2018/01/CLBF-001/CLBF-001-049/CLBF-001-049_20180911_175800.wav","CLBF-001-049","00:24:03.300",0.5,1,26.865490359619
"P:/CLBF/CLBF/2018/01/CLBF-001/CLBF-001-049/CLBF-001-049_20180911_175800.wav","CLBF-001-049","00:24:39.000",0.5,1,25.8753430633114
"P:/CLBF/CLBF/2018/01/CLBF-001/CLBF-001-049/CLBF-001-049_20180911_175800.wav","CLBF-001-049","00:25:27.500",0.5,1,27.5768403780903
"P:/CLBF/CLBF/2018/01/CLBF-001/CLBF-001-049/CLBF-001-049_20181019_093600.wav","CLBF-001-049","00:11:32.200",0.5,1,53.5815606492187
"P:/CLBF/CLBF/2018/01/CLBF-001/CLBF-001-049/CLBF-001-049_20181019_093600.wav","CLBF-001-049","00:22:43.700",0.5,1,32.3461279914476
"P:/CLBF/CLBF/2018/01/CLBF-001/CLBF-001-049/CLBF-001-049_20181019_093600.wav","CLBF-001-049","00:22:45.200",0.5,1,37.0079500374342
"P:/CLBF/CLBF/2018/01/CLBF-001/CLBF-001-049/CLBF-001-049_20181019_093600.wav","CLBF-001-049","00:22:49.100",0.5,1,29.5307786831878
"P:/CLBF/CLBF/2018/01/CLBF-001/CLBF-001-051/CLBF-001-051_20181116_135900.wav","CLBF-001-051","00:28:23.600",0.5,1,28.6579343555507
"P:/CLBF/CLBF/2018/01/CLBF-001/CLBF-001-051/CLBF-001-051_20181116_135900.wav","CLBF-001-051","00:28:28.500",0.5,1,38.1725687061881
"P:/CLBF/CLBF/2018/01/CLBF-001/CLBF-001-051/CLBF-001-051_20181116_135900.wav","CLBF-001-051","00:28:32.600",0.5,1,34.7954191249239
"P:/CLBF/CLBF/2018/01/CLBF-001/CLBF-001-052/CLBF-001-052_20181023_111400.wav","CLBF-001-052","00:01:23.600",0.5,1,50.2048774853882
"P:/CLBF/CLBF/2018/01/CLBF-001/CLBF-001-052/CLBF-001-052_20181023_111400.wav","CLBF-001-052","00:01:27.500",0.5,1,35.3518381164084
"P:/CLBF/CLBF/2018/01/CLBF-001/CLBF-001-052/CLBF-001-052_20181023_111400.wav","CLBF-001-052","00:02:46.500",0.5,1,40.9548177100705
"P:/CLBF/CLBF/2018/01/CLBF-001/CLBF-001-052/CLBF-001-052_20181023_111400.wav","CLBF-001-052","00:02:50.500",0.5,1,39.3251148695576
"P:/CLBF/CLBF/2018/01/CLBF-001/CLBF-001-052/CLBF-001-052_20181023_111400.wav","CLBF-001-052","00:02:50.600",0.5,1,39.7120064003536
"P:/CLBF/CLBF/2018/01/CLBF-001/CLBF-001-052/CLBF-001-052_20181023_111400.wav","CLBF-001-052","00:03:07.000",0.5,1,33.3917349155131
"P:/CLBF/CLBF/2018/01/CLBF-001/CLBF-001-052/CLBF-001-052_20181023_111400.wav","CLBF-001-052","00:03:11.500",0.5,1,37.3059415393135
"P:/CLBF/CLBF/2018/01/CLBF-001/CLBF-001-052/CLBF-001-052_20181023_111400.wav","CLBF-001-052","00:03:59.700",0.5,1,46.8665463575506
"P:/CLBF/CLBF/2018/01/CLBF-001/CLBF-001-052/CLBF-001-052_20181023_111400.wav","CLBF-001-052","00:04:04.300",0.5,1,39.7048242210378
"P:/CLBF/CLBF/2018/01/CLBF-001/CLBF-001-052/CLBF-001-052_20181023_111400.wav","CLBF-001-052","00:04:24.600",0.5,1,57.892964910309
"P:/CLBF/CLBF/2018/01/CLBF-001/CLBF-001-052/CLBF-001-052_20181023_111400.wav","CLBF-001-052","00:04:28.200",0.5,1,45.9711657662026
"P:/CLBF/CLBF/2018/01/CLBF-001/CLBF-001-052/CLBF-001-052_20181023_111400.wav","CLBF-001-052","00:04:54.200",0.5,1,38.8342671134777
"P:/CLBF/CLBF/2018/01/CLBF-001/CLBF-001-052/CLBF-001-052_20181023_111400.wav","CLBF-001-052","00:04:55.000",0.5,1,36.9402498798999
"P:/CLBF/CLBF/2018/01/CLBF-001/CLBF-001-052/CLBF-001-052_20181023_111400.wav","CLBF-001-052","00:04:55.600",0.5,1,40.7411469118109
"P:/CLBF/CLBF/2018/01/CLBF-001/CLBF-001-052/CLBF-001-052_20181023_111400.wav","CLBF-001-052","00:10:32.000",0.5,1,54.5691911262681
"P:/CLBF/CLBF/2018/01/CLBF-001/CLBF-001-052/CLBF-001-052_20181023_111400.wav","CLBF-001-052","00:10:34.600",0.5,1,48.2543452050004
"P:/CLBF/CLBF/2018/01/CLBF-001/CLBF-001-052/CLBF-001-052_20181023_111400.wav","CLBF-001-052","00:10:52.200",0.5,1,46.5098421417049
"P:/CLBF/CLBF/2018/01/CLBF-001/CLBF-001-052/CLBF-001-052_20181023_111400.wav","CLBF-001-052","00:10:54.500",0.5,1,44.4731301778462
"P:/CLBF/CLBF/2018/01/CLBF-001/CLBF-001-052/CLBF-001-052_20181023_111400.wav","CLBF-001-052","00:11:54.300",0.5,1,55.0126916848436
"P:/CLBF/CLBF/2018/01/CLBF-001/CLBF-001-052/CLBF-001-052_20181023_111400.wav","CLBF-001-052","00:11:57.200",0.5,1,59.1276954510198
"P:/CLBF/CLBF/2018/01/CLBF-001/CLBF-001-052/CLBF-001-052_20181023_111400.wav","CLBF-001-052","00:12:15.600",0.5,1,58.7597598684957
"P:/CLBF/CLBF/2018/01/CLBF-001/CLBF-001-052/CLBF-001-052_20181023_111400.wav","CLBF-001-052","00:12:20.300",0.5,1,56.4089483787357
"P:/CLBF/CLBF/2018/01/CLBF-001/CLBF-001-052/CLBF-001-052_20181023_111400.wav","CLBF-001-052","00:15:28.600",0.5,1,38.5748763335978
"P:/CLBF/CLBF/2018/01/CLBF-001/CLBF-001-052/CLBF-001-052_20181023_111400.wav","CLBF-001-052","00:15:50.300",0.5,1,38.2788140787326
"P:/CLBF/CLBF/2018/01/CLBF-001/CLBF-001-052/CLBF-001-052_20181023_111400.wav","CLBF-001-052","00:15:52.700",0.5,1,41.2425412631123
"P:/CLBF/CLBF/2018/01/CLBF-001/CLBF-001-053/CLBF-001-053_20180915_083500.wav","CLBF-001-053","00:01:22.500",0.5,1,42.6865265619831
"P:/CLBF/CLBF/2018/01/CLBF-001/CLBF-001-053/CLBF-001-053_20180915_083500.wav","CLBF-001-053","00:01:23.000",0.5,1,50.6881702769952
"P:/CLBF/CLBF/2018/01/CLBF-001/CLBF-001-053/CLBF-001-053_20180915_083500.wav","CLBF-001-053","00:01:29.000",0.5,1,47.3811059325856
"P:/CLBF/CLBF/2018/01/CLBF-001/CLBF-001-053/CLBF-001-053_20180915_083500.wav","CLBF-001-053","00:01:48.500",0.5,1,43.8873680317733
"P:/CLBF/CLBF/2018/01/CLBF-001/CLBF-001-053/CLBF-001-053_20180915_083500.wav","CLBF-001-053","00:01:50.400",0.5,1,37.8155078948745
"P:/CLBF/CLBF/2018/01/CLBF-001/CLBF-001-053/CLBF-001-053_20180915_083500.wav","CLBF-001-053","00:01:51.600",0.5,1,37.8784033598372
"P:/CLBF/CLBF/2018/01/CLBF-001/CLBF-001-053/CLBF-001-053_20180915_083500.wav","CLBF-001-053","00:01:53.300",0.5,1,34.4984845573475
"P:/CLBF/CLBF/2018/01/CLBF-001/CLBF-001-053/CLBF-001-053_20180915_083500.wav","CLBF-001-053","00:01:54.300",0.5,1,35.4026513606026
"P:/CLBF/CLBF/2018/01/CLBF-001/CLBF-001-053/CLBF-001-053_20180915_083500.wav","CLBF-001-053","00:01:55.400",0.5,1,32.4442766543011
"P:/CLBF/CLBF/2018/01/CLBF-001/CLBF-001-053/CLBF-001-053_20180915_083500.wav","CLBF-001-053","00:15:11.600",0.5,1,38.6800930204296
"P:/CLBF/CLBF/2018/01/CLBF-001/CLBF-001-053/CLBF-001-053_20180915_083500.wav","CLBF-001-053","00:15:12.900",0.5,1,35.9385984674055
"P:/CLBF/CLBF/2018/01/CLBF-001/CLBF-001-053/CLBF-001-053_20180915_083500.wav","CLBF-001-053","00:15:14.200",0.5,1,34.4008213302071
"P:/CLBF/CLBF/2018/01/CLBF-001/CLBF-001-053/CLBF-001-053_20180915_083500.wav","CLBF-001-053","00:21:28.400",0.5,1,40.5897934659332
"P:/CLBF/CLBF/2018/01/CLBF-001/CLBF-001-053/CLBF-001-053_20180915_083500.wav","CLBF-001-053","00:21:29.000",0.5,1,46.110667045419
"P:/CLBF/CLBF/2018/01/CLBF-001/CLBF-001-053/CLBF-001-053_20180915_083500.wav","CLBF-001-053","00:21:30.800",0.5,1,54.7573104918324
"P:/CLBF/CLBF/2018/01/CLBF-001/CLBF-001-053/CLBF-001-053_20180915_083500.wav","CLBF-001-053","00:21:31.400",0.5,1,49.4439143095181
"P:/CLBF/CLBF/2018/01/CLBF-001/CLBF-001-053/CLBF-001-053_20180915_083500.wav","CLBF-001-053","00:21:44.700",0.5,1,47.7383013187114
"P:/CLBF/CLBF/2018/01/CLBF-001/CLBF-001-054/CLBF-001-054_20180920_083218.wav","CLBF-001-054","00:06:47.300",0.5,1,37.4059684756261
"P:/CLBF/CLBF/2018/01/CLBF-001/CLBF-001-056/CLBF-001-056_20181025_053545.wav","CLBF-001-056","00:26:33.500",0.5,1,27.4442355228722
"P:/CLBF/CLBF/2018/01/CLBF-001/CLBF-001-057/CLBF-001-057_20180913_193200.wav","CLBF-001-057","00:08:54.900",0.5,1,38.7372112687107
"P:/CLBF/CLBF/2018/01/CLBF-001/CLBF-001-058/CLBF-001-058_20180910_155600.wav","CLBF-001-058","00:11:51.400",0.5,1,26.7570067495755
"P:/CLBF/CLBF/2018/01/CLBF-001/CLBF-001-059/CLBF-001-059_20181124_164400.wav","CLBF-001-059","00:14:35.000",0.5,1,25.8638636408729
"P:/CLBF/CLBF/2018/01/CLBF-001/CLBF-001-059/CLBF-001-059_20181124_164400.wav","CLBF-001-059","00:15:09.800",0.5,1,29.7984012093873
"P:/CLBF/CLBF/2018/01/CLBF-001/CLBF-001-059/CLBF-001-059_20181124_164400.wav","CLBF-001-059","00:15:46.200",0.5,1,29.4782316425278
"P:/CLBF/CLBF/2018/01/CLBF-001/CLBF-001-059/CLBF-001-059_20181124_164400.wav","CLBF-001-059","00:16:26.100",0.5,1,27.0659382372344
"P:/CLBF/CLBF/2018/01/CLBF-001/CLBF-001-059/CLBF-001-059_20181124_164400.wav","CLBF-001-059","00:19:18.300",0.5,1,37.7324618323732
"P:/CLBF/CLBF/2018/01/CLBF-001/CLBF-001-059/CLBF-001-059_20181124_164400.wav","CLBF-001-059","00:21:05.800",0.5,1,37.88992525229
"P:/CLBF/CLBF/2018/01/CLBF-001/CLBF-001-059/CLBF-001-059_20181124_164400.wav","CLBF-001-059","00:21:06.300",0.5,1,36.3352634188464
"P:/CLBF/CLBF/2018/01/CLBF-001/CLBF-001-060/CLBF-001-060_20180917_180900.wav","CLBF-001-060","00:06:17.000",0.5,1,45.3783547593094
"P:/CLBF/CLBF/2018/01/CLBF-001/CLBF-001-060/CLBF-001-060_20180917_180900.wav","CLBF-001-060","00:06:18.900",0.5,1,48.1881685953497
"P:/CLBF/CLBF/2018/01/CLBF-001/CLBF-001-060/CLBF-001-060_20180917_180900.wav","CLBF-001-060","00:06:30.600",0.5,1,50.2598878287506
"P:/CLBF/CLBF/2018/01/CLBF-001/CLBF-001-060/CLBF-001-060_20180917_180900.wav","CLBF-001-060","00:06:31.100",0.5,1,51.746070935585
"P:/CLBF/CLBF/2018/01/CLBF-001/CLBF-001-060/CLBF-001-060_20180917_180900.wav","CLBF-001-060","00:06:31.800",0.5,1,55.1665632792602
"P:/CLBF/CLBF/2018/01/CLBF-001/CLBF-001-060/CLBF-001-060_20180917_180900.wav","CLBF-001-060","00:06:44.800",0.5,1,48.6795250755465
"P:/CLBF/CLBF/2018/01/CLBF-001/CLBF-001-060/CLBF-001-060_20180917_180900.wav","CLBF-001-060","00:11:21.100",0.5,1,51.7204297734715
"P:/CLBF/CLBF/2018/01/CLBF-001/CLBF-001-062/CLBF-001-062_20180924_185100.wav","CLBF-001-062","00:20:10.600",0.5,1,37.0475511449822
"P:/CLBF/CLBF/2018/01/CLBF-001/CLBF-001-063/CLBF-001-063_20181123_161200.wav","CLBF-001-063","00:04:38.600",0.5,1,29.8803582894403
"P:/CLBF/CLBF/2018/01/CLBF-001/CLBF-001-063/CLBF-001-063_20181123_161200.wav","CLBF-001-063","00:22:00.300",0.5,1,19.9691999594269
"P:/CLBF/CLBF/2018/01/CLBF-001/CLBF-001-065/CLBF-001-065_20181002_103500.wav","CLBF-001-065","00:13:20.000",0.5,1,36.2542129843273
"P:/CLBF/CLBF/2018/01/CLBF-001/CLBF-001-065/CLBF-001-065_20181002_103500.wav","CLBF-001-065","00:21:14.500",0.5,1,52.7250949545496
"P:/CLBF/CLBF/2018/01/CLBF-001/CLBF-001-066/CLBF-001-066_20180915_150500.wav","CLBF-001-066","00:02:49.200",0.5,1,40.539670552667
"P:/CLBF/CLBF/2018/01/CLBF-001/CLBF-001-066/CLBF-001-066_20180915_150500.wav","CLBF-001-066","00:05:44.500",0.5,1,33.224348681775
"P:/CLBF/CLBF/2018/01/CLBF-001/CLBF-001-066/CLBF-001-066_20180915_150500.wav","CLBF-001-066","00:14:19.600",0.5,1,34.2986017199785
"P:/CLBF/CLBF/2018/01/CLBF-001/CLBF-001-066/CLBF-001-066_20180915_150500.wav","CLBF-001-066","00:14:21.400",0.5,1,39.2340623735598
"P:/CLBF/CLBF/2018/01/CLBF-001/CLBF-001-066/CLBF-001-066_20180915_150500.wav","CLBF-001-066","00:15:16.300",0.5,1,38.6252702773711
"P:/CLBF/CLBF/2018/01/CLBF-001/CLBF-001-066/CLBF-001-066_20181009_154800.wav","CLBF-001-066","00:01:08.200",0.5,1,37.0579209537493
"P:/CLBF/CLBF/2018/01/CLBF-001/CLBF-001-066/CLBF-001-066_20181009_154800.wav","CLBF-001-066","00:01:35.100",0.5,1,36.1596550131386
"P:/CLBF/CLBF/2018/01/CLBF-001/CLBF-001-066/CLBF-001-066_20181009_154800.wav","CLBF-001-066","00:06:06.500",0.5,1,44.6631176411708
"P:/CLBF/CLBF/2018/01/CLBF-001/CLBF-001-067/CLBF-001-067_20181112_122200.wav","CLBF-001-067","00:07:23.500",0.5,1,35.0943608211202
"P:/CLBF/CLBF/2018/01/CLBF-001/CLBF-001-067/CLBF-001-067_20181128_135000.wav","CLBF-001-067","00:10:00.000",0.5,1,40.2251272044091
"P:/CLBF/CLBF/2018/01/CLBF-001/CLBF-001-069/CLBF-001-069_20181109_161600.wav","CLBF-001-069","00:25:30.100",0.5,1,37.9709454503014
"P:/CLBF/CLBF/2018/01/CLBF-001/CLBF-001-069/CLBF-001-069_20181109_161600.wav","CLBF-001-069","00:26:48.700",0.5,1,41.8151861551726
"P:/CLBF/CLBF/2018/01/CLBF-001/CLBF-001-069/CLBF-001-069_20181109_161600.wav","CLBF-001-069","00:28:27.200",0.5,1,38.4539215132927
"P:/CLBF/CLBF/2018/01/CLBF-001/CLBF-001-070/CLBF-001-070_20181130_112300.wav","CLBF-001-070","00:01:48.500",0.5,1,28.7635422515843
"P:/CLBF/CLBF/2018/01/CLBF-001/CLBF-001-070/CLBF-001-070_20181130_112300.wav","CLBF-001-070","00:02:49.100",0.5,1,27.7687367865165
"P:/CLBF/CLBF/2018/01/CLBF-001/CLBF-001-070/CLBF-001-070_20181130_112300.wav","CLBF-001-070","00:16:49.900",0.5,1,31.7814558092971
"P:/CLBF/CLBF/2018/01/CLBF-001/CLBF-001-070/CLBF-001-070_20181130_112300.wav","CLBF-001-070","00:16:50.400",0.5,1,27.8567674574351
"P:/CLBF/CLBF/2018/01/CLBF-001/CLBF-001-070/CLBF-001-070_20181130_112300.wav","CLBF-001-070","00:16:51.100",0.5,1,26.8335420879244
"P:/CLBF/CLBF/2018/01/CLBF-001/CLBF-001-070/CLBF-001-070_20181130_112300.wav","CLBF-001-070","00:23:20.600",0.5,1,24.0089985249831
"P:/CLBF/CLBF/2018/01/CLBF-001/CLBF-001-070/CLBF-001-070_20181130_112300.wav","CLBF-001-070","00:25:17.000",0.5,1,25.8322952722984
"P:/CLBF/CLBF/2018/01/CLBF-001/CLBF-001-070/CLBF-001-070_20181130_112300.wav","CLBF-001-070","00:25:17.900",0.5,1,25.8774093146737
"P:/CLBF/CLBF/2018/01/CLBF-001/CLBF-001-070/CLBF-001-070_20181130_112300.wav","CLBF-001-070","00:25:23.800",0.5,1,24.1439419322317
"P:/CLBF/CLBF/2018/01/CLBF-001/CLBF-001-070/CLBF-001-070_20181130_112300.wav","CLBF-001-070","00:25:26.100",0.5,1,25.8984710918716
"P:/CLBF/CLBF/2018/01/CLBF-001/CLBF-001-070/CLBF-001-070_20181130_112300.wav","CLBF-001-070","00:25:26.800",0.5,1,24.7908008580059
"P:/CLBF/CLBF/2018/01/CLBF-001/CLBF-001-070/CLBF-001-070_20181130_112300.wav","CLBF-001-070","00:25:27.900",0.5,1,26.8394835422274
"P:/CLBF/CLBF/2018/01/CLBF-001/CLBF-001-070/CLBF-001-070_20181130_112300.wav","CLBF-001-070","00:25:33.400",0.5,1,25.1967787512737
"P:/CLBF/CLBF/2018/01/CLBF-001/CLBF-001-070/CLBF-001-070_20181130_112300.wav","CLBF-001-070","00:25:55.200",0.5,1,21.9072207973344
"P:/CLBF/CLBF/2018/01/CLBF-001/CLBF-001-070/CLBF-001-070_20181130_112300.wav","CLBF-001-070","00:25:57.600",0.5,1,24.2799399067712
"P:/CLBF/CLBF/2018/01/CLBF-001/CLBF-001-070/CLBF-001-070_20181130_112300.wav","CLBF-001-070","00:25:59.900",0.5,1,25.5540662688784
"P:/CLBF/CLBF/2018/01/CLBF-001/CLBF-001-070/CLBF-001-070_20181130_112300.wav","CLBF-001-070","00:26:00.800",0.5,1,25.6522219782496
"P:/CLBF/CLBF/2018/01/CLBF-001/CLBF-001-070/CLBF-001-070_20181130_112300.wav","CLBF-001-070","00:26:13.000",0.5,1,28.46528999295
"P:/CLBF/CLBF/2018/01/CLBF-001/CLBF-001-070/CLBF-001-070_20181130_112300.wav","CLBF-001-070","00:26:17.800",0.5,1,28.1018983115041
"P:/CLBF/CLBF/2018/01/CLBF-001/CLBF-001-070/CLBF-001-070_20181130_112300.wav","CLBF-001-070","00:27:22.800",0.5,1,28.2332899796106
"P:/CLBF/CLBF/2018/01/CLBF-001/CLBF-001-070/CLBF-001-070_20181130_112300.wav","CLBF-001-070","00:27:28.700",0.5,1,21.1996654819484
"P:/CLBF/CLBF/2018/01/CLBF-001/CLBF-001-070/CLBF-001-070_20181130_112300.wav","CLBF-001-070","00:27:44.700",0.5,1,23.6615404752153
"P:/CLBF/CLBF/2018/01/CLBF-001/CLBF-001-071/CLBF-001-071_20181116_085900.wav","CLBF-001-071","00:06:36.100",0.5,1,37.1709521364532
"P:/CLBF/CLBF/2018/01/CLBF-001/CLBF-001-071/CLBF-001-071_20181116_085900.wav","CLBF-001-071","00:10:23.500",0.5,1,28.1393427806571
"P:/CLBF/CLBF/2018/01/CLBF-001/CLBF-001-071/CLBF-001-071_20181116_085900.wav","CLBF-001-071","00:11:56.500",0.5,1,26.0711578440969
"P:/CLBF/CLBF/2018/01/CLBF-001/CLBF-001-071/CLBF-001-071_20181116_085900.wav","CLBF-001-071","00:11:57.400",0.5,1,40.8673640898331
"P:/CLBF/CLBF/2018/01/CLBF-001/CLBF-001-071/CLBF-001-071_20181116_085900.wav","CLBF-001-071","00:12:27.000",0.5,1,36.8207577550391
"P:/CLBF/CLBF/2018/01/CLBF-001/CLBF-001-071/CLBF-001-071_20181116_085900.wav","CLBF-001-071","00:14:28.500",0.5,1,34.1607732839174
"P:/CLBF/CLBF/2018/01/CLBF-001/CLBF-001-071/CLBF-001-071_20181116_085900.wav","CLBF-001-071","00:14:46.000",0.5,1,27.8724563047496
"P:/CLBF/CLBF/2018/01/CLBF-001/CLBF-001-071/CLBF-001-071_20181116_085900.wav","CLBF-001-071","00:16:37.000",0.5,1,38.0770073439323
"P:/CLBF/CLBF/2018/01/CLBF-001/CLBF-001-071/CLBF-001-071_20181116_085900.wav","CLBF-001-071","00:16:50.000",0.5,1,33.8253704578854
"P:/CLBF/CLBF/2018/01/CLBF-001/CLBF-001-071/CLBF-001-071_20181116_085900.wav","CLBF-001-071","00:19:02.800",0.5,1,37.5657172140928
"P:/CLBF/CLBF/2018/01/CLBF-001/CLBF-001-071/CLBF-001-071_20181116_085900.wav","CLBF-001-071","00:19:11.000",0.5,1,40.8621823047838
"P:/CLBF/CLBF/2018/01/CLBF-001/CLBF-001-071/CLBF-001-071_20181116_085900.wav","CLBF-001-071","00:25:45.200",0.5,1,35.1702592329081
"P:/CLBF/CLBF/2018/01/CLBF-001/CLBF-001-071/CLBF-001-071_20181116_085900.wav","CLBF-001-071","00:25:55.400",0.5,1,33.1865838980424
"P:/CLBF/CLBF/2018/01/CLBF-001/CLBF-001-071/CLBF-001-071_20181116_085900.wav","CLBF-001-071","00:28:39.000",0.5,1,38.8843031907173
"P:/CLBF/CLBF/2018/01/CLBF-001/CLBF-001-071/CLBF-001-071_20181116_085900.wav","CLBF-001-071","00:28:59.500",0.5,1,36.2280089404963
"P:/CLBF/CLBF/2018/01/CLBF-001/CLBF-001-071/CLBF-001-071_20181130_115300.wav","CLBF-001-071","00:09:12.800",0.5,1,25.9212521223918
"P:/CLBF/CLBF/2018/01/CLBF-001/CLBF-001-071/CLBF-001-071_20181130_115300.wav","CLBF-001-071","00:09:14.100",0.5,1,24.8438626740885
"P:/CLBF/CLBF/2018/01/CLBF-001/CLBF-001-071/CLBF-001-071_20181130_115300.wav","CLBF-001-071","00:09:15.200",0.5,1,26.5884238413378
"P:/CLBF/CLBF/2018/01/CLBF-001/CLBF-001-071/CLBF-001-071_20181130_115300.wav","CLBF-001-071","00:09:17.300",0.5,1,23.3737294529018
"P:/CLBF/CLBF/2018/01/CLBF-001/CLBF-001-071/CLBF-001-071_20181130_115300.wav","CLBF-001-071","00:09:25.800",0.5,1,27.9039876184735
"P:/CLBF/CLBF/2018/01/CLBF-001/CLBF-001-071/CLBF-001-071_20181130_115300.wav","CLBF-001-071","00:10:52.700",0.5,1,28.1455632597801
"P:/CLBF/CLBF/2018/01/CLBF-001/CLBF-001-071/CLBF-001-071_20181130_115300.wav","CLBF-001-071","00:12:43.000",0.5,1,20.3590240508738
"P:/CLBF/CLBF/2018/01/CLBF-001/CLBF-001-071/CLBF-001-071_20181130_115300.wav","CLBF-001-071","00:21:11.600",0.5,1,24.5758978475354
"P:/CLBF/CLBF/2018/01/CLBF-001/CLBF-001-071/CLBF-001-071_20181130_115300.wav","CLBF-001-071","00:21:12.200",0.5,1,26.326121761205
"P:/CLBF/CLBF/2018/01/CLBF-001/CLBF-001-071/CLBF-001-071_20181130_115300.wav","CLBF-001-071","00:21:36.300",0.5,1,24.4844461297462
"P:/CLBF/CLBF/2018/01/CLBF-001/CLBF-001-071/CLBF-001-071_20181130_115300.wav","CLBF-001-071","00:21:37.500",0.5,1,25.6989761579726
"P:/CLBF/CLBF/2018/01/CLBF-001/CLBF-001-071/CLBF-001-071_20181130_115300.wav","CLBF-001-071","00:21:39.000",0.5,1,27.2932510836488
"P:/CLBF/CLBF/2018/01/CLBF-001/CLBF-001-071/CLBF-001-071_20181130_115300.wav","CLBF-001-071","00:21:54.500",0.5,1,24.310135671978
"P:/CLBF/CLBF/2018/01/CLBF-001/CLBF-001-071/CLBF-001-071_20181130_115300.wav","CLBF-001-071","00:21:55.200",0.5,1,26.8939206056728
"P:/CLBF/CLBF/2018/01/CLBF-001/CLBF-001-071/CLBF-001-071_20181130_115300.wav","CLBF-001-071","00:21:55.600",0.5,1,22.9852875530023
"P:/CLBF/CLBF/2018/01/CLBF-001/CLBF-001-071/CLBF-001-071_20181130_115300.wav","CLBF-001-071","00:22:10.900",0.5,1,22.9144512217271
"P:/CLBF/CLBF/2018/01/CLBF-001/CLBF-001-071/CLBF-001-071_20181130_115300.wav","CLBF-001-071","00:22:12.000",0.5,1,26.804352378609
"P:/CLBF/CLBF/2018/01/CLBF-001/CLBF-001-071/CLBF-001-071_20181130_115300.wav","CLBF-001-071","00:22:13.800",0.5,1,30.053942482729
"P:/CLBF/CLBF/2018/01/CLBF-001/CLBF-001-071/CLBF-001-071_20181130_115300.wav","CLBF-001-071","00:22:19.000",0.5,1,21.9314062484526
"P:/CLBF/CLBF/2018/01/CLBF-001/CLBF-001-071/CLBF-001-071_20181130_115300.wav","CLBF-001-071","00:22:26.600",0.5,1,24.779898572817
"P:/CLBF/CLBF/2018/01/CLBF-001/CLBF-001-071/CLBF-001-071_20181130_115300.wav","CLBF-001-071","00:24:32.300",0.5,1,27.7393066105269
"P:/CLBF/CLBF/2018/01/CLBF-001/CLBF-001-071/CLBF-001-071_20181130_115300.wav","CLBF-001-071","00:24:42.600",0.5,1,25.3346873511087
"P:/CLBF/CLBF/2018/01/CLBF-001/CLBF-001-071/CLBF-001-071_20181130_115300.wav","CLBF-001-071","00:29:39.000",0.5,1,29.3269949212254
"P:/CLBF/CLBF/2018/01/CLBF-001/CLBF-001-072/CLBF-001-072_20180906_184900.wav","CLBF-001-072","00:01:00.400",0.5,1,39.7653365763532
"P:/CLBF/CLBF/2018/01/CLBF-001/CLBF-001-072/CLBF-001-072_20180906_184900.wav","CLBF-001-072","00:01:14.500",0.5,1,35.7823436619286
"P:/CLBF/CLBF/2018/01/CLBF-001/CLBF-001-072/CLBF-001-072_20180906_184900.wav","CLBF-001-072","00:01:28.100",0.5,1,36.3063048377221
"P:/CLBF/CLBF/2018/01/CLBF-001/CLBF-001-072/CLBF-001-072_20180906_184900.wav","CLBF-001-072","00:02:41.600",0.5,1,43.100552235252
"P:/CLBF/CLBF/2018/01/CLBF-001/CLBF-001-072/CLBF-001-072_20180906_184900.wav","CLBF-001-072","00:09:33.500",0.5,1,38.7566769618729
"P:/CLBF/CLBF/2018/01/CLBF-001/CLBF-001-072/CLBF-001-072_20180906_184900.wav","CLBF-001-072","00:09:34.300",0.5,1,38.5806646241922
"P:/CLBF/CLBF/2018/01/CLBF-001/CLBF-001-072/CLBF-001-072_20180906_184900.wav","CLBF-001-072","00:14:30.200",0.5,1,41.7137241265606
"P:/CLBF/CLBF/2018/01/CLBF-001/CLBF-001-072/CLBF-001-072_20180906_184900.wav","CLBF-001-072","00:14:56.500",0.5,1,49.3230683626503
"P:/CLBF/CLBF/2018/01/CLBF-001/CLBF-001-072/CLBF-001-072_20180906_184900.wav","CLBF-001-072","00:16:29.000",0.5,1,35.5331940986738
"P:/CLBF/CLBF/2018/01/CLBF-001/CLBF-001-072/CLBF-001-072_20180906_184900.wav","CLBF-001-072","00:19:36.500",0.5,1,34.8922470193255
"P:/CLBF/CLBF/2018/01/CLBF-001/CLBF-001-072/CLBF-001-072_20180906_184900.wav","CLBF-001-072","00:27:26.800",0.5,1,32.5070498281784
"P:/CLBF/CLBF/2018/01/CLBF-001/CLBF-001-072/CLBF-001-072_20181103_150500.wav","CLBF-001-072","00:13:46.100",0.5,1,23.5053059392731
"P:/CLBF/CLBF/2018/01/CLBF-001/CLBF-001-076/CLBF-001-076_20181103_170500.wav","CLBF-001-076","00:01:36.000",0.5,1,30.7673431331543
"P:/CLBF/CLBF/2018/01/CLBF-001/CLBF-001-076/CLBF-001-076_20181103_170500.wav","CLBF-001-076","00:04:06.000",0.5,1,31.2966060881587
"P:/CLBF/CLBF/2018/01/CLBF-001/CLBF-001-076/CLBF-001-076_20181103_170500.wav","CLBF-001-076","00:04:37.700",0.5,1,25.9349437897031
"P:/CLBF/CLBF/2018/01/CLBF-001/CLBF-001-076/CLBF-001-076_20181103_170500.wav","CLBF-001-076","00:06:24.500",0.5,1,32.620449239264
"P:/CLBF/CLBF/2018/01/CLBF-001/CLBF-001-077/CLBF-001-077_20180916_130700.wav","CLBF-001-077","00:11:34.800",0.5,1,41.3385655259709
"P:/CLBF/CLBF/2018/01/CLBF-001/CLBF-001-077/CLBF-001-077_20180916_130700.wav","CLBF-001-077","00:11:35.900",0.5,1,42.8173060798266
"P:/CLBF/CLBF/2018/01/CLBF-001/CLBF-001-077/CLBF-001-077_20180916_130700.wav","CLBF-001-077","00:12:24.100",0.5,1,36.6631199652332
"P:/CLBF/CLBF/2018/01/CLBF-001/CLBF-001-077/CLBF-001-077_20180916_130700.wav","CLBF-001-077","00:13:54.600",0.5,1,36.1780678401984
"P:/CLBF/CLBF/2018/01/CLBF-001/CLBF-001-077/CLBF-001-077_20180916_130700.wav","CLBF-001-077","00:28:42.100",0.5,1,43.6151193120632
"P:/CLBF/CLBF/2018/01/CLBF-001/CLBF-001-077/CLBF-001-077_20180916_130700.wav","CLBF-001-077","00:28:43.600",0.5,1,43.9475918762973
"P:/CLBF/CLBF/2018/01/CLBF-001/CLBF-001-077/CLBF-001-077_20180916_130700.wav","CLBF-001-077","00:29:01.300",0.5,1,45.8407004771365
"P:/CLBF/CLBF/2018/01/CLBF-001/CLBF-001-077/CLBF-001-077_20180916_130700.wav","CLBF-001-077","00:29:05.400",0.5,1,47.6593390142771
"P:/CLBF/CLBF/2018/01/CLBF-001/CLBF-001-078/CLBF-001-078_20180914_124712.wav","CLBF-001-078","00:00:41.100",0.5,1,38.7660904934684
"P:/CLBF/CLBF/2018/01/CLBF-001/CLBF-001-078/CLBF-001-078_20180914_124712.wav","CLBF-001-078","00:00:44.000",0.5,1,33.1789727257505
"P:/CLBF/CLBF/2018/01/CLBF-001/CLBF-001-078/CLBF-001-078_20180914_124712.wav","CLBF-001-078","00:01:31.200",0.5,1,37.7464442840697
"P:/CLBF/CLBF/2018/01/CLBF-001/CLBF-001-078/CLBF-001-078_20180914_124712.wav","CLBF-001-078","00:01:34.000",0.5,1,33.0110313792056
"P:/CLBF/CLBF/2018/01/CLBF-001/CLBF-001-078/CLBF-001-078_20180914_124712.wav","CLBF-001-078","00:01:52.500",0.5,1,34.1463504847039
"P:/CLBF/CLBF/2018/01/CLBF-001/CLBF-001-078/CLBF-001-078_20180914_124712.wav","CLBF-001-078","00:01:54.900",0.5,1,35.6476461428044
"P:/CLBF/CLBF/2018/01/CLBF-001/CLBF-001-078/CLBF-001-078_20180914_124712.wav","CLBF-001-078","00:02:16.100",0.5,1,35.3066838796562
"P:/CLBF/CLBF/2018/01/CLBF-001/CLBF-001-078/CLBF-001-078_20180914_124712.wav","CLBF-001-078","00:02:18.400",0.5,1,38.3415654390308
"P:/CLBF/CLBF/2018/01/CLBF-001/CLBF-001-078/CLBF-001-078_20180914_124712.wav","CLBF-001-078","00:13:32.700",0.5,1,39.0671657550959
"P:/CLBF/CLBF/2018/01/CLBF-001/CLBF-001-078/CLBF-001-078_20180914_124712.wav","CLBF-001-078","00:13:35.200",0.5,1,36.2816842589368
"P:/CLBF/CLBF/2018/01/CLBF-001/CLBF-001-078/CLBF-001-078_20180914_124712.wav","CLBF-001-078","00:13:45.000",0.5,1,32.6187497801591
"P:/CLBF/CLBF/2018/01/CLBF-001/CLBF-001-078/CLBF-001-078_20180914_124712.wav","CLBF-001-078","00:13:47.400",0.5,1,33.8017683513897
"P:/CLBF/CLBF/2018/01/CLBF-001/CLBF-001-078/CLBF-001-078_20180914_124712.wav","CLBF-001-078","00:14:04.500",0.5,1,38.8116131592634
"P:/CLBF/CLBF/2018/01/CLBF-001/CLBF-001-078/CLBF-001-078_20180914_124712.wav","CLBF-001-078","00:14:06.800",0.5,1,36.4648372268919
"P:/CLBF/CLBF/2018/01/CLBF-001/CLBF-001-078/CLBF-001-078_20180914_124712.wav","CLBF-001-078","00:14:22.200",0.5,1,39.9311953842987
"P:/CLBF/CLBF/2018/01/CLBF-001/CLBF-001-078/CLBF-001-078_20180914_124712.wav","CLBF-001-078","00:14:24.600",0.5,1,40.020247574268
"P:/CLBF/CLBF/2018/01/CLBF-001/CLBF-001-078/CLBF-001-078_20180914_124712.wav","CLBF-001-078","00:14:49.900",0.5,1,38.213010081517
"P:/CLBF/CLBF/2018/01/CLBF-001/CLBF-001-078/CLBF-001-078_20180914_124712.wav","CLBF-001-078","00:15:03.200",0.5,1,46.7989611460244
"P:/CLBF/CLBF/2018/01/CLBF-001/CLBF-001-078/CLBF-001-078_20180914_124712.wav","CLBF-001-078","00:15:05.300",0.5,1,45.0406463927437
"P:/CLBF/CLBF/2018/01/CLBF-001/CLBF-001-078/CLBF-001-078_20180914_124712.wav","CLBF-001-078","00:15:22.200",0.5,1,38.7609366318016
"P:/CLBF/CLBF/2018/01/CLBF-001/CLBF-001-078/CLBF-001-078_20180914_124712.wav","CLBF-001-078","00:15:24.400",0.5,1,41.8961186485462
"P:/CLBF/CLBF/2018/01/CLBF-001/CLBF-001-078/CLBF-001-078_20180914_124712.wav","CLBF-001-078","00:15:39.000",0.5,1,31.9762751602162
"P:/CLBF/CLBF/2018/01/CLBF-001/CLBF-001-078/CLBF-001-078_20180914_124712.wav","CLBF-001-078","00:15:40.500",0.5,1,36.2259888429314
"P:/CLBF/CLBF/2018/01/CLBF-001/CLBF-001-078/CLBF-001-078_20180914_124712.wav","CLBF-001-078","00:16:05.200",0.5,1,40.1382937036141
"P:/CLBF/CLBF/2018/01/CLBF-001/CLBF-001-078/CLBF-001-078_20180914_124712.wav","CLBF-001-078","00:16:07.100",0.5,1,37.892485821402
"P:/CLBF/CLBF/2018/01/CLBF-001/CLBF-001-078/CLBF-001-078_20180914_124712.wav","CLBF-001-078","00:16:27.200",0.5,1,26.2970288332553
"P:/CLBF/CLBF/2018/01/CLBF-001/CLBF-001-078/CLBF-001-078_20180914_124712.wav","CLBF-001-078","00:16:29.700",0.5,1,37.6527609468242
"P:/CLBF/CLBF/2018/01/CLBF-001/CLBF-001-078/CLBF-001-078_20180914_124712.wav","CLBF-001-078","00:16:42.800",0.5,1,38.7299196928249
"P:/CLBF/CLBF/2018/01/CLBF-001/CLBF-001-078/CLBF-001-078_20180914_124712.wav","CLBF-001-078","00:16:45.500",0.5,1,37.7256161361983
"P:/CLBF/CLBF/2018/01/CLBF-001/CLBF-001-078/CLBF-001-078_20180914_124712.wav","CLBF-001-078","00:17:01.000",0.5,1,41.4733712413366
"P:/CLBF/CLBF/2018/01/CLBF-001/CLBF-001-078/CLBF-001-078_20180914_124712.wav","CLBF-001-078","00:17:03.100",0.5,1,38.3152018530239
"P:/CLBF/CLBF/2018/01/CLBF-001/CLBF-001-078/CLBF-001-078_20180914_124712.wav","CLBF-001-078","00:17:26.600",0.5,1,31.6925621479927
"P:/CLBF/CLBF/2018/01/CLBF-001/CLBF-001-078/CLBF-001-078_20180914_124712.wav","CLBF-001-078","00:17:53.300",0.5,1,45.3950695475628
"P:/CLBF/CLBF/2018/01/CLBF-001/CLBF-001-078/CLBF-001-078_20180914_124712.wav","CLBF-001-078","00:17:55.300",0.5,1,46.9783794862567
"P:/CLBF/CLBF/2018/01/CLBF-001/CLBF-001-078/CLBF-001-078_20180914_124712.wav","CLBF-001-078","00:18:06.300",0.5,1,36.2417598628292
"P:/CLBF/CLBF/2018/01/CLBF-001/CLBF-001-078/CLBF-001-078_20180914_124712.wav","CLBF-001-078","00:18:08.100",0.5,1,35.0914128383208
"P:/CLBF/CLBF/2018/01/CLBF-001/CLBF-001-078/CLBF-001-078_20180914_124712.wav","CLBF-001-078","00:21:23.700",0.5,1,33.5296622180961
"P:/CLBF/CLBF/2018/01/CLBF-001/CLBF-001-078/CLBF-001-078_20180914_124712.wav","CLBF-001-078","00:21:26.200",0.5,1,36.9791361206135
"P:/CLBF/CLBF/2018/01/CLBF-001/CLBF-001-078/CLBF-001-078_20180914_124712.wav","CLBF-001-078","00:21:45.600",0.5,1,33.5979854363358
"P:/CLBF/CLBF/2018/01/CLBF-001/CLBF-001-078/CLBF-001-078_20180914_124712.wav","CLBF-001-078","00:21:47.800",0.5,1,38.7757902959531
"P:/CLBF/CLBF/2018/01/CLBF-001/CLBF-001-078/CLBF-001-078_20180914_124712.wav","CLBF-001-078","00:22:05.200",0.5,1,36.8884802952669
"P:/CLBF/CLBF/2018/01/CLBF-001/CLBF-001-078/CLBF-001-078_20180914_124712.wav","CLBF-001-078","00:22:07.500",0.5,1,41.2809531618229
"P:/CLBF/CLBF/2018/01/CLBF-001/CLBF-001-078/CLBF-001-078_20180914_124712.wav","CLBF-001-078","00:22:20.000",0.5,1,43.6972042352524
"P:/CLBF/CLBF/2018/01/CLBF-001/CLBF-001-078/CLBF-001-078_20180914_124712.wav","CLBF-001-078","00:22:24.000",0.5,1,40.9095540851306
"P:/CLBF/CLBF/2018/01/CLBF-001/CLBF-001-078/CLBF-001-078_20180914_124712.wav","CLBF-001-078","00:23:12.300",0.5,1,32.1072189395686
"P:/CLBF/CLBF/2018/01/CLBF-001/CLBF-001-078/CLBF-001-078_20180914_124712.wav","CLBF-001-078","00:23:39.300",0.5,1,35.4562252582542
"P:/CLBF/CLBF/2018/01/CLBF-001/CLBF-001-078/CLBF-001-078_20180914_124712.wav","CLBF-001-078","00:23:41.600",0.5,1,38.7865597381853
"P:/CLBF/CLBF/2018/01/CLBF-001/CLBF-001-078/CLBF-001-078_20180914_124712.wav","CLBF-001-078","00:23:44.800",0.5,1,30.5751700539968
"P:/CLBF/CLBF/2018/01/CLBF-001/CLBF-001-078/CLBF-001-078_20180914_124712.wav","CLBF-001-078","00:23:56.900",0.5,1,42.0380285733303
"P:/CLBF/CLBF/2018/01/CLBF-001/CLBF-001-078/CLBF-001-078_20180914_124712.wav","CLBF-001-078","00:23:58.800",0.5,1,42.8121387387812
"P:/CLBF/CLBF/2018/01/CLBF-001/CLBF-001-078/CLBF-001-078_20180914_124712.wav","CLBF-001-078","00:24:01.800",0.5,1,39.9656288585807
"P:/CLBF/CLBF/2018/01/CLBF-001/CLBF-001-078/CLBF-001-078_20180914_124712.wav","CLBF-001-078","00:24:09.100",0.5,1,40.3072485703596
"P:/CLBF/CLBF/2018/01/CLBF-001/CLBF-001-078/CLBF-001-078_20180914_124712.wav","CLBF-001-078","00:24:12.300",0.5,1,28.7776580187236
"P:/CLBF/CLBF/2018/01/CLBF-001/CLBF-001-078/CLBF-001-078_20180914_124712.wav","CLBF-001-078","00:24:17.600",0.5,1,40.3396527332849
"P:/CLBF/CLBF/2018/01/CLBF-001/CLBF-001-078/CLBF-001-078_20180914_124712.wav","CLBF-001-078","00:24:20.000",0.5,1,41.159866681852
"P:/CLBF/CLBF/2018/01/CLBF-001/CLBF-001-078/CLBF-001-078_20180914_124712.wav","CLBF-001-078","00:24:23.300",0.5,1,36.2757979158778
"P:/CLBF/CLBF/2018/01/CLBF-001/CLBF-001-078/CLBF-001-078_20180914_124712.wav","CLBF-001-078","00:24:26.300",0.5,1,26.9700122693611
"P:/CLBF/CLBF/2018/01/CLBF-001/CLBF-001-078/CLBF-001-078_20180914_124712.wav","CLBF-001-078","00:24:46.500",0.5,1,46.9564025137064
"P:/CLBF/CLBF/2018/01/CLBF-001/CLBF-001-078/CLBF-001-078_20180914_124712.wav","CLBF-001-078","00:24:49.100",0.5,1,42.6087815965127
"P:/CLBF/CLBF/2018/01/CLBF-001/CLBF-001-078/CLBF-001-078_20180914_124712.wav","CLBF-001-078","00:25:03.600",0.5,1,47.6060835172929
"P:/CLBF/CLBF/2018/01/CLBF-001/CLBF-001-078/CLBF-001-078_20180914_124712.wav","CLBF-001-078","00:25:05.500",0.5,1,45.106204936299
"P:/CLBF/CLBF/2018/01/CLBF-001/CLBF-001-078/CLBF-001-078_20180914_124712.wav","CLBF-001-078","00:25:23.100",0.5,1,34.9499034523196
"P:/CLBF/CLBF/2018/01/CLBF-001/CLBF-001-078/CLBF-001-078_20180914_124712.wav","CLBF-001-078","00:25:26.000",0.5,1,41.2623789424611
"P:/CLBF/CLBF/2018/01/CLBF-001/CLBF-001-078/CLBF-001-078_20180914_124712.wav","CLBF-001-078","00:25:27.100",0.5,1,38.1435193835952
"P:/CLBF/CLBF/2018/01/CLBF-001/CLBF-001-078/CLBF-001-078_20180914_124712.wav","CLBF-001-078","00:25:37.900",0.5,1,46.0428142069471
"P:/CLBF/CLBF/2018/01/CLBF-001/CLBF-001-078/CLBF-001-078_20180914_124712.wav","CLBF-001-078","00:25:39.700",0.5,1,42.6706460711879
"P:/CLBF/CLBF/2018/01/CLBF-001/CLBF-001-078/CLBF-001-078_20180914_124712.wav","CLBF-001-078","00:25:41.600",0.5,1,47.604914169944
"P:/CLBF/CLBF/2018/01/CLBF-001/CLBF-001-078/CLBF-001-078_20180914_124712.wav","CLBF-001-078","00:25:44.100",0.5,1,38.4671032328228
"P:/CLBF/CLBF/2018/01/CLBF-001/CLBF-001-078/CLBF-001-078_20180914_124712.wav","CLBF-001-078","00:25:57.000",0.5,1,37.339758831318
"P:/CLBF/CLBF/2018/01/CLBF-001/CLBF-001-078/CLBF-001-078_20180914_124712.wav","CLBF-001-078","00:25:59.600",0.5,1,38.224712855653
"P:/CLBF/CLBF/2018/01/CLBF-001/CLBF-001-078/CLBF-001-078_20180914_124712.wav","CLBF-001-078","00:26:02.800",0.5,1,40.0749653430748
"P:/CLBF/CLBF/2018/01/CLBF-001/CLBF-001-078/CLBF-001-078_20180914_124712.wav","CLBF-001-078","00:26:05.200",0.5,1,43.2084917664622
"P:/CLBF/CLBF/2018/01/CLBF-001/CLBF-001-078/CLBF-001-078_20180914_124712.wav","CLBF-001-078","00:26:12.100",0.5,1,44.5438948857385
"P:/CLBF/CLBF/2018/01/CLBF-001/CLBF-001-078/CLBF-001-078_20180914_124712.wav","CLBF-001-078","00:26:14.900",0.5,1,36.8948364348552
"P:/CLBF/CLBF/2018/01/CLBF-001/CLBF-001-078/CLBF-001-078_20180914_124712.wav","CLBF-001-078","00:26:16.800",0.5,1,46.6294178948319
"P:/CLBF/CLBF/2018/01/CLBF-001/CLBF-001-078/CLBF-001-078_20180914_124712.wav","CLBF-001-078","00:26:19.000",0.5,1,44.6495328948104
"P:/CLBF/CLBF/2018/01/CLBF-001/CLBF-001-078/CLBF-001-078_20180914_124712.wav","CLBF-001-078","00:26:29.000",0.5,1,39.4197593592055
"P:/CLBF/CLBF/2018/01/CLBF-001/CLBF-001-078/CLBF-001-078_20180914_124712.wav","CLBF-001-078","00:26:31.200",0.5,1,48.7969942154461
"P:/CLBF/CLBF/2018/01/CLBF-001/CLBF-001-078/CLBF-001-078_20180914_124712.wav","CLBF-001-078","00:26:42.200",0.5,1,37.0178212593985
"P:/CLBF/CLBF/2018/01/CLBF-001/CLBF-001-078/CLBF-001-078_20180914_124712.wav","CLBF-001-078","00:26:44.500",0.5,1,35.1714147294371
"P:/CLBF/CLBF/2018/01/CLBF-001/CLBF-001-078/CLBF-001-078_20180914_124712.wav","CLBF-001-078","00:29:30.300",0.5,1,26.3548732766992
"P:/CLBF/CLBF/2018/01/CLBF-001/CLBF-001-078/CLBF-001-078_20180914_124712.wav","CLBF-001-078","00:29:33.100",0.5,1,31.8975777042311
"P:/CLBF/CLBF/2018/01/CLBF-001/CLBF-001-078/CLBF-001-078_20180914_124712.wav","CLBF-001-078","00:33:30.800",0.5,1,32.1850785213805
"P:/CLBF/CLBF/2018/01/CLBF-001/CLBF-001-078/CLBF-001-078_20180914_124712.wav","CLBF-001-078","00:33:42.800",0.5,1,26.1761142033624
"P:/CLBF/CLBF/2018/01/CLBF-001/CLBF-001-078/CLBF-001-078_20180914_124712.wav","CLBF-001-078","00:34:50.700",0.5,1,25.6548343195454
"P:/CLBF/CLBF/2018/01/CLBF-001/CLBF-001-078/CLBF-001-078_20180914_124712.wav","CLBF-001-078","00:34:52.400",0.5,1,29.0246842971439
"P:/CLBF/CLBF/2018/01/CLBF-001/CLBF-001-078/CLBF-001-078_20180914_124712.wav","CLBF-001-078","00:42:30.300",0.5,1,28.5812046555666
"P:/CLBF/CLBF/2018/01/CLBF-001/CLBF-001-078/CLBF-001-078_20180914_124712.wav","CLBF-001-078","00:48:49.800",0.5,1,33.8144322844784
"P:/CLBF/CLBF/2018/01/CLBF-001/CLBF-001-078/CLBF-001-078_20180914_124712.wav","CLBF-001-078","00:48:53.800",0.5,1,34.9502846303989
"P:/CLBF/CLBF/2018/01/CLBF-001/CLBF-001-078/CLBF-001-078_20180914_124712.wav","CLBF-001-078","00:49:07.800",0.5,1,33.4826541576614
"P:/CLBF/CLBF/2018/01/CLBF-001/CLBF-001-078/CLBF-001-078_20180914_124712.wav","CLBF-001-078","00:49:12.500",0.5,1,27.2299067980012
"P:/CLBF/CLBF/2018/01/CLBF-001/CLBF-001-078/CLBF-001-078_20180914_124712.wav","CLBF-001-078","00:49:31.200",0.5,1,41.4396565399474
"P:/CLBF/CLBF/2018/01/CLBF-001/CLBF-001-078/CLBF-001-078_20180914_124712.wav","CLBF-001-078","00:49:35.300",0.5,1,40.9811268081286
"P:/CLBF/CLBF/2018/01/CLBF-001/CLBF-001-078/CLBF-001-078_20180914_124712.wav","CLBF-001-078","00:49:49.900",0.5,1,41.2627835388244
"P:/CLBF/CLBF/2018/01/CLBF-001/CLBF-001-078/CLBF-001-078_20180914_124712.wav","CLBF-001-078","00:49:54.800",0.5,1,44.3309994855485
"P:/CLBF/CLBF/2018/01/CLBF-001/CLBF-001-078/CLBF-001-078_20180914_124712.wav","CLBF-001-078","00:50:10.500",0.5,1,24.3358639301007
"P:/CLBF/CLBF/2018/01/CLBF-001/CLBF-001-078/CLBF-001-078_20180914_124712.wav","CLBF-001-078","00:50:12.500",0.5,1,21.0437883451688
"P:/CLBF/CLBF/2018/01/CLBF-001/CLBF-001-078/CLBF-001-078_20180914_124712.wav","CLBF-001-078","00:50:33.100",0.5,1,34.6791606553807
"P:/CLBF/CLBF/2018/01/CLBF-001/CLBF-001-078/CLBF-001-078_20180914_124712.wav","CLBF-001-078","00:50:34.200",0.5,1,35.2595260808797
"P:/CLBF/CLBF/2018/01/CLBF-001/CLBF-001-078/CLBF-001-078_20180914_124712.wav","CLBF-001-078","00:50:51.600",0.5,1,33.242232933346
"P:/CLBF/CLBF/2018/01/CLBF-001/CLBF-001-078/CLBF-001-078_20180914_124712.wav","CLBF-001-078","00:50:52.400",0.5,1,33.2623542342721
"P:/CLBF/CLBF/2018/01/CLBF-001/CLBF-001-078/CLBF-001-078_20180914_124712.wav","CLBF-001-078","00:51:03.700",0.5,1,34.6286260634062
"P:/CLBF/CLBF/2018/01/CLBF-001/CLBF-001-078/CLBF-001-078_20180914_124712.wav","CLBF-001-078","00:51:07.500",0.5,1,23.8235162181186
"P:/CLBF/CLBF/2018/01/CLBF-001/CLBF-001-078/CLBF-001-078_20180914_124712.wav","CLBF-001-078","00:51:18.200",0.5,1,34.3866445247244
"P:/CLBF/CLBF/2018/01/CLBF-001/CLBF-001-078/CLBF-001-078_20180914_124712.wav","CLBF-001-078","00:51:19.700",0.5,1,32.6365108834599
"P:/CLBF/CLBF/2018/01/CLBF-001/CLBF-001-078/CLBF-001-078_20180914_124712.wav","CLBF-001-078","00:53:30.800",0.5,1,43.4189110774833
"P:/CLBF/CLBF/2018/01/CLBF-001/CLBF-001-078/CLBF-001-078_20180914_124712.wav","CLBF-001-078","00:54:22.800",0.5,1,47.1816755865632
"P:/CLBF/CLBF/2018/01/CLBF-001/CLBF-001-078/CLBF-001-078_20180914_124712.wav","CLBF-001-078","00:56:14.200",0.5,1,36.2171036702291
"P:/CLBF/CLBF/2018/01/CLBF-001/CLBF-001-078/CLBF-001-078_20180914_124712.wav","CLBF-001-078","00:56:15.100",0.5,1,31.8574456610278
"P:/CLBF/CLBF/2018/01/CLBF-001/CLBF-001-078/CLBF-001-078_20180914_124712.wav","CLBF-001-078","00:56:35.500",0.5,1,34.6254862463979
"P:/CLBF/CLBF/2018/01/CLBF-001/CLBF-001-078/CLBF-001-078_20180914_124712.wav","CLBF-001-078","00:56:37.500",0.5,1,35.285791168132
"P:/CLBF/CLBF/2018/01/CLBF-001/CLBF-001-078/CLBF-001-078_20180914_124712.wav","CLBF-001-078","00:56:55.300",0.5,1,37.9504665406113
"P:/CLBF/CLBF/2018/01/CLBF-001/CLBF-001-078/CLBF-001-078_20180914_124712.wav","CLBF-001-078","00:56:56.100",0.5,1,37.9725601122163
"P:/CLBF/CLBF/2018/01/CLBF-001/CLBF-001-078/CLBF-001-078_20180914_124712.wav","CLBF-001-078","00:56:59.000",0.5,1,30.6743677037797
"P:/CLBF/CLBF/2018/01/CLBF-001/CLBF-001-078/CLBF-001-078_20180914_124712.wav","CLBF-001-078","00:56:59.900",0.5,1,31.850061339655
"P:/CLBF/CLBF/2018/01/CLBF-001/CLBF-001-078/CLBF-001-078_20180914_124712.wav","CLBF-001-078","00:57:07.800",0.5,1,34.7787526410436
"P:/CLBF/CLBF/2018/01/CLBF-001/CLBF-001-078/CLBF-001-078_20180914_124712.wav","CLBF-001-078","00:57:08.600",0.5,1,33.2072832800658
"P:/CLBF/CLBF/2018/01/CLBF-001/CLBF-001-078/CLBF-001-078_20180914_124712.wav","CLBF-001-078","00:57:25.000",0.5,1,36.0602451069137
"P:/CLBF/CLBF/2018/01/CLBF-001/CLBF-001-078/CLBF-001-078_20180914_124712.wav","CLBF-001-078","00:57:25.900",0.5,1,34.7938895772892
"P:/CLBF/CLBF/2018/01/CLBF-001/CLBF-001-078/CLBF-001-078_20180914_124712.wav","CLBF-001-078","00:57:57.500",0.5,1,31.8271111707602
"P:/CLBF/CLBF/2018/01/CLBF-001/CLBF-001-078/CLBF-001-078_20180914_124712.wav","CLBF-001-078","00:57:58.200",0.5,1,28.3910056238461
"P:/CLBF/CLBF/2018/01/CLBF-001/CLBF-001-078/CLBF-001-078_20180914_124712.wav","CLBF-001-078","00:58:16.000",0.5,1,31.6996504349066
"P:/CLBF/CLBF/2018/01/CLBF-001/CLBF-001-078/CLBF-001-078_20180914_124712.wav","CLBF-001-078","00:58:18.100",0.5,1,31.3629513808321
"P:/CLBF/CLBF/2018/01/CLBF-001/CLBF-001-078/CLBF-001-078_20180914_124712.wav","CLBF-001-078","00:58:18.800",0.5,1,44.1183364809427
"P:/CLBF/CLBF/2018/01/CLBF-001/CLBF-001-078/CLBF-001-078_20180914_124712.wav","CLBF-001-078","00:58:19.500",0.5,1,43.3098329750503
"P:/CLBF/CLBF/2018/01/CLBF-001/CLBF-001-078/CLBF-001-078_20180914_124712.wav","CLBF-001-078","00:59:01.200",0.5,1,24.6520256342364
"P:/CLBF/CLBF/2018/01/CLBF-001/CLBF-001-078/CLBF-001-078_20180914_124712.wav","CLBF-001-078","00:59:01.600",0.5,1,27.4092867949944
"P:/CLBF/CLBF/2018/01/CLBF-001/CLBF-001-078/CLBF-001-078_20180914_124712.wav","CLBF-001-078","00:59:02.200",0.5,1,32.5264867054213
"P:/CLBF/CLBF/2018/01/CLBF-001/CLBF-001-078/CLBF-001-078_20180914_124712.wav","CLBF-001-078","00:59:03.300",0.5,1,23.240048765679
"P:/CLBF/CLBF/2018/01/CLBF-001/CLBF-001-078/CLBF-001-078_20180914_124712.wav","CLBF-001-078","00:59:13.700",0.5,1,30.8997140411103
"P:/CLBF/CLBF/2018/01/CLBF-001/CLBF-001-078/CLBF-001-078_20180914_124712.wav","CLBF-001-078","00:59:21.500",0.5,1,28.1107073871863
"P:/CLBF/CLBF/2018/01/CLBF-001/CLBF-001-078/CLBF-001-078_20180914_124712.wav","CLBF-001-078","00:59:22.500",0.5,1,30.8289901372199
"P:/CLBF/CLBF/2018/01/CLBF-001/CLBF-001-078/CLBF-001-078_20180914_124712.wav","CLBF-001-078","00:59:25.000",0.5,1,32.7456181957298
"P:/CLBF/CLBF/2018/01/CLBF-001/CLBF-001-078/CLBF-001-078_20180914_124712.wav","CLBF-001-078","00:59:35.300",0.5,1,38.565822514795
"P:/CLBF/CLBF/2018/01/CLBF-001/CLBF-001-078/CLBF-001-078_20180914_124712.wav","CLBF-001-078","00:59:36.200",0.5,1,39.7835546178637
"P:/CLBF/CLBF/2018/01/CLBF-001/CLBF-001-078/CLBF-001-078_20180914_124712.wav","CLBF-001-078","00:59:38.000",0.5,1,33.3701830483128
"P:/CLBF/CLBF/2018/01/CLBF-001/CLBF-001-078/CLBF-001-078_20180914_124712.wav","CLBF-001-078","00:59:46.300",0.5,1,29.6176443803185
"P:/CLBF/CLBF/2018/01/CLBF-001/CLBF-001-078/CLBF-001-078_20180918_194716.wav","CLBF-001-078","00:25:27.300",0.5,1,42.219002896944
"P:/CLBF/CLBF/2018/01/CLBF-001/CLBF-001-078/CLBF-001-078_20180918_194716.wav","CLBF-001-078","00:37:06.200",0.5,1,31.6194724354443
"P:/CLBF/CLBF/2018/01/CLBF-001/CLBF-001-079/CLBF-001-079_20181129_172200.wav","CLBF-001-079","00:17:55.800",0.5,1,67.2665848800637
"P:/CLBF/CLBF/2018/01/CLBF-001/CLBF-001-080/CLBF-001-080_20181028_162300.wav","CLBF-001-080","00:10:04.100",0.5,1,53.8644699283024
"P:/CLBF/CLBF/2018/01/CLBF-001/CLBF-001-080/CLBF-001-080_20181028_162300.wav","CLBF-001-080","00:14:15.300",0.5,1,39.9675193541378
"P:/CLBF/CLBF/2018/01/CLBF-001/CLBF-001-080/CLBF-001-080_20181028_162300.wav","CLBF-001-080","00:15:34.800",0.5,1,40.3824026873842
"P:/CLBF/CLBF/2018/01/CLBF-001/CLBF-001-080/CLBF-001-080_20181028_162300.wav","CLBF-001-080","00:16:30.300",0.5,1,50.3193814007887
"P:/CLBF/CLBF/2018/01/CLBF-001/CLBF-001-080/CLBF-001-080_20181028_162300.wav","CLBF-001-080","00:17:14.300",0.5,1,44.5570821540605
"P:/CLBF/CLBF/2018/01/CLBF-001/CLBF-001-080/CLBF-001-080_20181028_162300.wav","CLBF-001-080","00:23:19.600",0.5,1,41.427909983384
"P:/CLBF/CLBF/2018/01/CLBF-001/CLBF-001-080/CLBF-001-080_20181028_162300.wav","CLBF-001-080","00:28:54.300",0.5,1,42.2839310049053
"P:/CLBF/CLBF/2018/01/CLBF-001/CLBF-001-083/CLBF-001-083_20181024_104600.wav","CLBF-001-083","00:15:01.000",0.5,1,47.5987672004084
"P:/CLBF/CLBF/2018/01/CLBF-001/CLBF-001-083/CLBF-001-083_20181024_104600.wav","CLBF-001-083","00:15:10.000",0.5,1,43.2376387793673
"P:/CLBF/CLBF/2018/01/CLBF-001/CLBF-001-083/CLBF-001-083_20181024_104600.wav","CLBF-001-083","00:15:23.900",0.5,1,38.0575036140875
"P:/CLBF/CLBF/2018/01/CLBF-001/CLBF-001-084/CLBF-001-084_20181022_114200.wav","CLBF-001-084","00:06:59.400",0.5,1,47.7964387608399
"P:/CLBF/CLBF/2018/01/CLBF-001/CLBF-001-084/CLBF-001-084_20181109_094600.wav","CLBF-001-084","00:03:52.500",0.5,1,50.6040188336657
"P:/CLBF/CLBF/2018/01/CLBF-001/CLBF-001-084/CLBF-001-084_20181109_094600.wav","CLBF-001-084","00:04:09.800",0.5,1,59.5481261822153
"P:/CLBF/CLBF/2018/01/CLBF-001/CLBF-001-084/CLBF-001-084_20181109_094600.wav","CLBF-001-084","00:26:44.300",0.5,1,41.2242355591961
"P:/CLBF/CLBF/2018/01/CLBF-001/CLBF-001-087/CLBF-001-087_20181004_173900.wav","CLBF-001-087","00:07:27.000",0.5,1,44.3063101528947
"P:/CLBF/CLBF/2018/01/CLBF-001/CLBF-001-087/CLBF-001-087_20181127_094900.wav","CLBF-001-087","00:09:59.900",0.5,1,37.7603260200417
"P:/CLBF/CLBF/2018/01/CLBF-001/CLBF-001-089/CLBF-001-089_20181129_082200.wav","CLBF-001-089","00:01:49.000",0.5,1,48.3473708565317
"P:/CLBF/CLBF/2018/01/CLBF-001/CLBF-001-090/CLBF-001-090_20181115_082700.wav","CLBF-001-090","00:05:02.500",0.5,1,42.7439743877067
"P:/CLBF/CLBF/2018/01/CLBF-001/CLBF-001-091/CLBF-001-091_20181028_082300.wav","CLBF-001-091","00:11:27.100",0.5,1,23.9096692522886
"P:/CLBF/CLBF/2018/01/CLBF-001/CLBF-001-091/CLBF-001-091_20181028_082300.wav","CLBF-001-091","00:11:28.300",0.5,1,28.451540096012
"P:/CLBF/CLBF/2018/01/CLBF-001/CLBF-001-091/CLBF-001-091_20181028_082300.wav","CLBF-001-091","00:11:30.000",0.5,1,27.7791997209408
"P:/CLBF/CLBF/2018/01/CLBF-001/CLBF-001-091/CLBF-001-091_20181119_150500.wav","CLBF-001-091","00:05:58.100",0.5,1,53.8525591976101
"P:/CLBF/CLBF/2018/01/CLBF-001/CLBF-001-092/CLBF-001-092_20180908_125300.wav","CLBF-001-092","00:26:28.500",0.5,1,53.3023142582612
"P:/CLBF/CLBF/2018/01/CLBF-001/CLBF-001-092/CLBF-001-092_20181028_135300.wav","CLBF-001-092","00:00:02.700",0.5,1,37.3720733857969
"P:/CLBF/CLBF/2018/01/CLBF-001/CLBF-001-092/CLBF-001-092_20181028_135300.wav","CLBF-001-092","00:03:04.400",0.5,1,38.1954349851907
"P:/CLBF/CLBF/2018/01/CLBF-001/CLBF-001-096/CLBF-001-096_20181123_131200.wav","CLBF-001-096","00:18:43.200",0.5,1,40.8130865261578
"P:/CLBF/CLBF/2018/01/CLBF-001/CLBF-001-097/CLBF-001-097_20180914_094846.wav","CLBF-001-097","00:03:22.300",0.5,1,34.2064381676214
"P:/CLBF/CLBF/2018/01/CLBF-001/CLBF-001-097/CLBF-001-097_20180914_094846.wav","CLBF-001-097","00:03:23.900",0.5,1,25.7495163118147
"P:/CLBF/CLBF/2018/01/CLBF-001/CLBF-001-097/CLBF-001-097_20180914_094846.wav","CLBF-001-097","00:03:23.500",0.5,1,37.2821454561556
"P:/CLBF/CLBF/2018/01/CLBF-001/CLBF-001-097/CLBF-001-097_20180914_094846.wav","CLBF-001-097","00:03:47.000",0.5,1,34.7438169410878
"P:/CLBF/CLBF/2018/01/CLBF-001/CLBF-001-097/CLBF-001-097_20180914_094846.wav","CLBF-001-097","00:03:47.600",0.5,1,33.6800271042539
"P:/CLBF/CLBF/2018/01/CLBF-001/CLBF-001-097/CLBF-001-097_20180914_094846.wav","CLBF-001-097","00:03:47.900",0.5,1,34.7792509390567
"P:/CLBF/CLBF/2018/01/CLBF-001/CLBF-001-097/CLBF-001-097_20180914_094846.wav","CLBF-001-097","00:03:48.400",0.5,1,35.7855493023726
"P:/CLBF/CLBF/2018/01/CLBF-001/CLBF-001-097/CLBF-001-097_20180914_094846.wav","CLBF-001-097","00:03:48.800",0.5,1,36.4347262761009
"P:/CLBF/CLBF/2018/01/CLBF-001/CLBF-001-097/CLBF-001-097_20180914_094846.wav","CLBF-001-097","00:03:49.400",0.5,1,35.699775169446
"P:/CLBF/CLBF/2018/01/CLBF-001/CLBF-001-097/CLBF-001-097_20180914_094846.wav","CLBF-001-097","00:03:50.300",0.5,1,31.5640948995996
"P:/CLBF/CLBF/2018/01/CLBF-001/CLBF-001-097/CLBF-001-097_20180914_094846.wav","CLBF-001-097","00:03:50.800",0.5,1,35.2696504259356
"P:/CLBF/CLBF/2018/01/CLBF-001/CLBF-001-097/CLBF-001-097_20180914_094846.wav","CLBF-001-097","00:03:51.200",0.5,1,37.3167019075728
"P:/CLBF/CLBF/2018/01/CLBF-001/CLBF-001-097/CLBF-001-097_20180914_094846.wav","CLBF-001-097","00:03:51.800",0.5,1,31.112299519741
"P:/CLBF/CLBF/2018/01/CLBF-001/CLBF-001-098/CLBF-001-098_20181120_163700.wav","CLBF-001-098","00:28:36.400",0.5,1,49.8985124456429
